-- phpMyAdmin SQL Dump
-- version 5.2.1
-- https://www.phpmyadmin.net/
--
-- Servidor: 127.0.0.1
-- Tiempo de generación: 06-10-2025 a las 21:17:02
-- Versión del servidor: 10.4.32-MariaDB
-- Versión de PHP: 8.2.12

SET SQL_MODE = "NO_AUTO_VALUE_ON_ZERO";
START TRANSACTION;
SET time_zone = "+00:00";


/*!40101 SET @OLD_CHARACTER_SET_CLIENT=@@CHARACTER_SET_CLIENT */;
/*!40101 SET @OLD_CHARACTER_SET_RESULTS=@@CHARACTER_SET_RESULTS */;
/*!40101 SET @OLD_COLLATION_CONNECTION=@@COLLATION_CONNECTION */;
/*!40101 SET NAMES utf8mb4 */;

--
-- Base de datos: `estacionamiento`
--

-- --------------------------------------------------------

--
-- Estructura de tabla para la tabla `cache`
--

CREATE TABLE `cache` (
  `key` varchar(255) NOT NULL,
  `value` mediumtext NOT NULL,
  `expiration` int(11) NOT NULL
) ENGINE=InnoDB DEFAULT CHARSET=utf8mb4 COLLATE=utf8mb4_unicode_ci;

-- --------------------------------------------------------

--
-- Estructura de tabla para la tabla `cache_locks`
--

CREATE TABLE `cache_locks` (
  `key` varchar(255) NOT NULL,
  `owner` varchar(255) NOT NULL,
  `expiration` int(11) NOT NULL
) ENGINE=InnoDB DEFAULT CHARSET=utf8mb4 COLLATE=utf8mb4_unicode_ci;

-- --------------------------------------------------------

--
-- Estructura de tabla para la tabla `espacios`
--

CREATE TABLE `espacios` (
  `id` bigint(20) UNSIGNED NOT NULL,
  `codigo` varchar(255) NOT NULL,
  `estado` enum('disponible','ocupado') NOT NULL DEFAULT 'disponible',
  `created_at` timestamp NULL DEFAULT NULL,
  `updated_at` timestamp NULL DEFAULT NULL
) ENGINE=InnoDB DEFAULT CHARSET=utf8mb4 COLLATE=utf8mb4_unicode_ci;

--
-- Volcado de datos para la tabla `espacios`
--

INSERT INTO `espacios` (`id`, `codigo`, `estado`, `created_at`, `updated_at`) VALUES
(1, 'A01', 'disponible', '2025-10-07 00:16:47', '2025-10-07 00:16:47'),
(2, 'A02', 'disponible', '2025-10-07 00:16:47', '2025-10-07 00:16:47'),
(3, 'A03', 'disponible', '2025-10-07 00:16:47', '2025-10-07 00:16:47'),
(4, 'A04', 'disponible', '2025-10-07 00:16:47', '2025-10-07 00:16:47'),
(5, 'A05', 'disponible', '2025-10-07 00:16:47', '2025-10-07 00:16:47'),
(6, 'A06', 'disponible', '2025-10-07 00:16:47', '2025-10-07 00:16:47'),
(7, 'A07', 'disponible', '2025-10-07 00:16:47', '2025-10-07 00:16:47'),
(8, 'A08', 'disponible', '2025-10-07 00:16:47', '2025-10-07 00:16:47'),
(9, 'A09', 'disponible', '2025-10-07 00:16:47', '2025-10-07 00:16:47'),
(10, 'A10', 'disponible', '2025-10-07 00:16:47', '2025-10-07 00:16:47'),
(11, 'A11', 'disponible', '2025-10-07 00:16:47', '2025-10-07 00:16:47'),
(12, 'A12', 'disponible', '2025-10-07 00:16:47', '2025-10-07 00:16:47'),
(13, 'A13', 'disponible', '2025-10-07 00:16:47', '2025-10-07 00:16:47'),
(14, 'A14', 'disponible', '2025-10-07 00:16:47', '2025-10-07 00:16:47'),
(15, 'A15', 'disponible', '2025-10-07 00:16:47', '2025-10-07 00:16:47'),
(16, 'A16', 'disponible', '2025-10-07 00:16:47', '2025-10-07 00:16:47'),
(17, 'A17', 'disponible', '2025-10-07 00:16:47', '2025-10-07 00:16:47'),
(18, 'A18', 'disponible', '2025-10-07 00:16:47', '2025-10-07 00:16:47'),
(19, 'A19', 'disponible', '2025-10-07 00:16:47', '2025-10-07 00:16:47'),
(20, 'A20', 'disponible', '2025-10-07 00:16:47', '2025-10-07 00:16:47'),
(21, 'A21', 'ocupado', '2025-10-07 00:16:47', '2025-10-07 00:16:47'),
(22, 'A22', 'ocupado', '2025-10-07 00:16:47', '2025-10-07 00:16:47'),
(23, 'A23', 'ocupado', '2025-10-07 00:16:47', '2025-10-07 00:16:47'),
(24, 'A24', 'ocupado', '2025-10-07 00:16:47', '2025-10-07 00:16:47'),
(25, 'A25', 'ocupado', '2025-10-07 00:16:47', '2025-10-07 00:16:47'),
(26, 'A26', 'ocupado', '2025-10-07 00:16:47', '2025-10-07 00:16:47'),
(27, 'A27', 'ocupado', '2025-10-07 00:16:47', '2025-10-07 00:16:47'),
(28, 'A28', 'ocupado', '2025-10-07 00:16:47', '2025-10-07 00:16:47'),
(29, 'A29', 'ocupado', '2025-10-07 00:16:47', '2025-10-07 00:16:47'),
(30, 'A30', 'ocupado', '2025-10-07 00:16:47', '2025-10-07 00:16:47');

-- --------------------------------------------------------

--
-- Estructura de tabla para la tabla `failed_jobs`
--

CREATE TABLE `failed_jobs` (
  `id` bigint(20) UNSIGNED NOT NULL,
  `uuid` varchar(255) NOT NULL,
  `connection` text NOT NULL,
  `queue` text NOT NULL,
  `payload` longtext NOT NULL,
  `exception` longtext NOT NULL,
  `failed_at` timestamp NOT NULL DEFAULT current_timestamp()
) ENGINE=InnoDB DEFAULT CHARSET=utf8mb4 COLLATE=utf8mb4_unicode_ci;

-- --------------------------------------------------------

--
-- Estructura de tabla para la tabla `jobs`
--

CREATE TABLE `jobs` (
  `id` bigint(20) UNSIGNED NOT NULL,
  `queue` varchar(255) NOT NULL,
  `payload` longtext NOT NULL,
  `attempts` tinyint(3) UNSIGNED NOT NULL,
  `reserved_at` int(10) UNSIGNED DEFAULT NULL,
  `available_at` int(10) UNSIGNED NOT NULL,
  `created_at` int(10) UNSIGNED NOT NULL
) ENGINE=InnoDB DEFAULT CHARSET=utf8mb4 COLLATE=utf8mb4_unicode_ci;

-- --------------------------------------------------------

--
-- Estructura de tabla para la tabla `job_batches`
--

CREATE TABLE `job_batches` (
  `id` varchar(255) NOT NULL,
  `name` varchar(255) NOT NULL,
  `total_jobs` int(11) NOT NULL,
  `pending_jobs` int(11) NOT NULL,
  `failed_jobs` int(11) NOT NULL,
  `failed_job_ids` longtext NOT NULL,
  `options` mediumtext DEFAULT NULL,
  `cancelled_at` int(11) DEFAULT NULL,
  `created_at` int(11) NOT NULL,
  `finished_at` int(11) DEFAULT NULL
) ENGINE=InnoDB DEFAULT CHARSET=utf8mb4 COLLATE=utf8mb4_unicode_ci;

-- --------------------------------------------------------

--
-- Estructura de tabla para la tabla `migrations`
--

CREATE TABLE `migrations` (
  `id` int(10) UNSIGNED NOT NULL,
  `migration` varchar(255) NOT NULL,
  `batch` int(11) NOT NULL
) ENGINE=InnoDB DEFAULT CHARSET=utf8mb4 COLLATE=utf8mb4_unicode_ci;

--
-- Volcado de datos para la tabla `migrations`
--

INSERT INTO `migrations` (`id`, `migration`, `batch`) VALUES
(1, '0001_01_01_000001_create_cache_table', 1),
(2, '0001_01_01_000002_create_jobs_table', 1),
(3, '2014_10_12_000000_create_users_table', 1),
(4, '2023_10_01_000000_create_vehiculos_perfiles_table', 1),
(5, '2025_06_03_035409_create_personal_access_tokens_table', 1),
(6, '2025_10_03_163417_create_espacios_table', 1),
(7, '2025_10_03_163658_create_vehiculos_table', 1),
(8, '2025_10_03_164026_create_transacciones_table', 1),
(9, '2025_10_06_000001_create_reservations_table', 1),
(10, '2025_10_06_000002_add_preferences_to_vehiculos_perfiles', 1),
(11, '2025_10_06_000003_create_occupancy_logs_table', 1),
(12, '2025_10_06_123150_create_packages_table', 1),
(13, '2025_10_06_123251_create_user_packages_table', 1),
(14, '2025_10_06_123449_create_spot_holds_table', 1);

-- --------------------------------------------------------

--
-- Estructura de tabla para la tabla `occupancy_logs`
--

CREATE TABLE `occupancy_logs` (
  `id` bigint(20) UNSIGNED NOT NULL,
  `espacio_id` bigint(20) UNSIGNED NOT NULL,
  `fecha_hora` timestamp NOT NULL DEFAULT current_timestamp() ON UPDATE current_timestamp(),
  `estado` enum('disponible','ocupado') NOT NULL,
  `vehiculo_id` bigint(20) UNSIGNED DEFAULT NULL,
  `created_at` timestamp NULL DEFAULT NULL,
  `updated_at` timestamp NULL DEFAULT NULL
) ENGINE=InnoDB DEFAULT CHARSET=utf8mb4 COLLATE=utf8mb4_unicode_ci;

--
-- Volcado de datos para la tabla `occupancy_logs`
--

INSERT INTO `occupancy_logs` (`id`, `espacio_id`, `fecha_hora`, `estado`, `vehiculo_id`, `created_at`, `updated_at`) VALUES
(1, 19, '2025-09-30 18:16:47', 'ocupado', 6, '2025-10-07 00:16:47', '2025-10-07 00:16:47'),
(2, 10, '2025-09-30 10:16:47', 'disponible', NULL, '2025-10-07 00:16:47', '2025-10-07 00:16:47'),
(3, 9, '2025-09-30 01:16:47', 'disponible', NULL, '2025-10-07 00:16:47', '2025-10-07 00:16:47'),
(4, 28, '2025-10-01 17:16:47', 'disponible', 6, '2025-10-07 00:16:47', '2025-10-07 00:16:47'),
(5, 29, '2025-10-06 14:16:47', 'ocupado', 6, '2025-10-07 00:16:47', '2025-10-07 00:16:47'),
(6, 15, '2025-10-04 00:16:47', 'disponible', 2, '2025-10-07 00:16:47', '2025-10-07 00:16:47'),
(7, 21, '2025-10-02 03:16:47', 'disponible', 2, '2025-10-07 00:16:47', '2025-10-07 00:16:47'),
(8, 28, '2025-10-04 08:16:47', 'disponible', NULL, '2025-10-07 00:16:47', '2025-10-07 00:16:47'),
(9, 5, '2025-10-01 18:16:47', 'ocupado', NULL, '2025-10-07 00:16:47', '2025-10-07 00:16:47'),
(10, 14, '2025-10-02 00:16:47', 'ocupado', 3, '2025-10-07 00:16:47', '2025-10-07 00:16:47'),
(11, 2, '2025-09-30 16:16:47', 'disponible', 7, '2025-10-07 00:16:47', '2025-10-07 00:16:47'),
(12, 25, '2025-09-30 22:16:47', 'ocupado', 2, '2025-10-07 00:16:47', '2025-10-07 00:16:47'),
(13, 7, '2025-10-02 08:16:47', 'ocupado', 10, '2025-10-07 00:16:47', '2025-10-07 00:16:47'),
(14, 15, '2025-10-06 23:16:47', 'ocupado', 3, '2025-10-07 00:16:47', '2025-10-07 00:16:47'),
(15, 24, '2025-10-01 04:16:47', 'disponible', NULL, '2025-10-07 00:16:47', '2025-10-07 00:16:47'),
(16, 28, '2025-10-06 21:16:47', 'ocupado', NULL, '2025-10-07 00:16:47', '2025-10-07 00:16:47'),
(17, 1, '2025-09-30 03:16:47', 'ocupado', 6, '2025-10-07 00:16:47', '2025-10-07 00:16:47'),
(18, 29, '2025-09-30 23:16:47', 'disponible', NULL, '2025-10-07 00:16:47', '2025-10-07 00:16:47'),
(19, 3, '2025-09-30 16:16:47', 'disponible', 9, '2025-10-07 00:16:47', '2025-10-07 00:16:47'),
(20, 24, '2025-09-30 22:16:47', 'ocupado', 9, '2025-10-07 00:16:47', '2025-10-07 00:16:47'),
(21, 20, '2025-10-05 12:16:47', 'ocupado', NULL, '2025-10-07 00:16:47', '2025-10-07 00:16:47'),
(22, 3, '2025-10-03 12:16:47', 'disponible', 10, '2025-10-07 00:16:47', '2025-10-07 00:16:47'),
(23, 15, '2025-10-03 07:16:47', 'ocupado', 2, '2025-10-07 00:16:47', '2025-10-07 00:16:47'),
(24, 10, '2025-10-02 18:16:47', 'ocupado', 10, '2025-10-07 00:16:47', '2025-10-07 00:16:47'),
(25, 17, '2025-10-06 21:16:47', 'disponible', 8, '2025-10-07 00:16:47', '2025-10-07 00:16:47'),
(26, 7, '2025-10-05 17:16:47', 'disponible', 8, '2025-10-07 00:16:47', '2025-10-07 00:16:47'),
(27, 12, '2025-10-01 19:16:47', 'disponible', NULL, '2025-10-07 00:16:47', '2025-10-07 00:16:47'),
(28, 20, '2025-10-02 19:16:47', 'ocupado', NULL, '2025-10-07 00:16:47', '2025-10-07 00:16:47'),
(29, 29, '2025-10-02 20:16:47', 'ocupado', NULL, '2025-10-07 00:16:47', '2025-10-07 00:16:47'),
(30, 24, '2025-10-05 15:16:47', 'disponible', 7, '2025-10-07 00:16:47', '2025-10-07 00:16:47'),
(31, 15, '2025-09-30 07:16:47', 'ocupado', NULL, '2025-10-07 00:16:47', '2025-10-07 00:16:47'),
(32, 30, '2025-10-04 20:16:47', 'ocupado', 3, '2025-10-07 00:16:47', '2025-10-07 00:16:47'),
(33, 26, '2025-10-04 19:16:47', 'ocupado', 4, '2025-10-07 00:16:47', '2025-10-07 00:16:47'),
(34, 27, '2025-10-05 21:16:47', 'disponible', NULL, '2025-10-07 00:16:47', '2025-10-07 00:16:47'),
(35, 16, '2025-10-04 08:16:47', 'disponible', NULL, '2025-10-07 00:16:47', '2025-10-07 00:16:47'),
(36, 16, '2025-10-02 11:16:47', 'ocupado', NULL, '2025-10-07 00:16:47', '2025-10-07 00:16:47'),
(37, 8, '2025-10-02 13:16:47', 'ocupado', 1, '2025-10-07 00:16:47', '2025-10-07 00:16:47'),
(38, 22, '2025-10-05 02:16:47', 'ocupado', 7, '2025-10-07 00:16:47', '2025-10-07 00:16:47'),
(39, 8, '2025-10-01 12:16:47', 'ocupado', 8, '2025-10-07 00:16:47', '2025-10-07 00:16:47'),
(40, 24, '2025-09-30 04:16:47', 'ocupado', 1, '2025-10-07 00:16:47', '2025-10-07 00:16:47'),
(41, 26, '2025-10-03 14:16:47', 'ocupado', NULL, '2025-10-07 00:16:47', '2025-10-07 00:16:47'),
(42, 17, '2025-10-04 17:16:47', 'ocupado', 5, '2025-10-07 00:16:47', '2025-10-07 00:16:47'),
(43, 21, '2025-09-30 04:16:47', 'disponible', NULL, '2025-10-07 00:16:47', '2025-10-07 00:16:47'),
(44, 28, '2025-10-03 16:16:47', 'ocupado', NULL, '2025-10-07 00:16:47', '2025-10-07 00:16:47'),
(45, 2, '2025-10-01 12:16:47', 'ocupado', NULL, '2025-10-07 00:16:47', '2025-10-07 00:16:47'),
(46, 1, '2025-10-06 11:16:47', 'ocupado', 8, '2025-10-07 00:16:47', '2025-10-07 00:16:47'),
(47, 4, '2025-10-01 10:16:47', 'disponible', NULL, '2025-10-07 00:16:47', '2025-10-07 00:16:47'),
(48, 5, '2025-09-30 11:16:47', 'disponible', NULL, '2025-10-07 00:16:47', '2025-10-07 00:16:47'),
(49, 10, '2025-09-30 07:16:47', 'disponible', 6, '2025-10-07 00:16:47', '2025-10-07 00:16:47'),
(50, 7, '2025-10-05 20:16:47', 'ocupado', 5, '2025-10-07 00:16:47', '2025-10-07 00:16:47'),
(51, 18, '2024-09-21 03:00:00', 'ocupado', NULL, '2024-09-21 03:00:00', '2024-09-21 03:00:00'),
(52, 3, '2024-09-04 03:00:00', 'ocupado', 2, '2024-09-04 03:00:00', '2024-09-04 03:00:00'),
(53, 2, '2024-09-07 12:00:00', 'ocupado', 1, '2024-09-07 12:00:00', '2024-09-07 12:00:00'),
(54, 30, '2024-09-14 01:00:00', 'ocupado', NULL, '2024-09-14 01:00:00', '2024-09-14 01:00:00'),
(55, 25, '2024-09-05 23:00:00', 'disponible', 7, '2024-09-05 23:00:00', '2024-09-05 23:00:00'),
(56, 15, '2024-09-14 01:00:00', 'disponible', 6, '2024-09-14 01:00:00', '2024-09-14 01:00:00'),
(57, 3, '2024-09-01 15:00:00', 'disponible', 1, '2024-09-01 15:00:00', '2024-09-01 15:00:00'),
(58, 6, '2024-09-25 03:00:00', 'disponible', NULL, '2024-09-25 03:00:00', '2024-09-25 03:00:00'),
(59, 15, '2024-09-22 02:00:00', 'ocupado', 8, '2024-09-22 02:00:00', '2024-09-22 02:00:00'),
(60, 25, '2024-09-04 22:00:00', 'ocupado', NULL, '2024-09-04 22:00:00', '2024-09-04 22:00:00'),
(61, 27, '2024-09-14 20:00:00', 'ocupado', NULL, '2024-09-14 20:00:00', '2024-09-14 20:00:00'),
(62, 4, '2024-09-26 01:00:00', 'ocupado', 8, '2024-09-26 01:00:00', '2024-09-26 01:00:00'),
(63, 23, '2024-09-06 04:00:00', 'ocupado', 3, '2024-09-06 04:00:00', '2024-09-06 04:00:00'),
(64, 16, '2024-09-12 04:00:00', 'disponible', 9, '2024-09-12 04:00:00', '2024-09-12 04:00:00'),
(65, 18, '2024-09-29 04:00:00', 'ocupado', NULL, '2024-09-29 04:00:00', '2024-09-29 04:00:00'),
(66, 10, '2024-09-17 19:00:00', 'disponible', NULL, '2024-09-17 19:00:00', '2024-09-17 19:00:00'),
(67, 16, '2024-09-01 18:00:00', 'ocupado', NULL, '2024-09-01 18:00:00', '2024-09-01 18:00:00'),
(68, 25, '2024-09-23 15:00:00', 'ocupado', NULL, '2024-09-23 15:00:00', '2024-09-23 15:00:00'),
(69, 30, '2024-09-29 16:00:00', 'ocupado', 9, '2024-09-29 16:00:00', '2024-09-29 16:00:00'),
(70, 5, '2024-09-15 03:00:00', 'ocupado', 6, '2024-09-15 03:00:00', '2024-09-15 03:00:00'),
(71, 27, '2024-09-30 22:00:00', 'disponible', NULL, '2024-09-30 22:00:00', '2024-09-30 22:00:00'),
(72, 28, '2024-09-19 03:00:00', 'disponible', 5, '2024-09-19 03:00:00', '2024-09-19 03:00:00'),
(73, 11, '2024-09-03 18:00:00', 'disponible', NULL, '2024-09-03 18:00:00', '2024-09-03 18:00:00'),
(74, 28, '2024-09-19 20:00:00', 'ocupado', 6, '2024-09-19 20:00:00', '2024-09-19 20:00:00'),
(75, 7, '2024-09-13 00:00:00', 'ocupado', NULL, '2024-09-13 00:00:00', '2024-09-13 00:00:00'),
(76, 27, '2024-09-24 03:00:00', 'ocupado', NULL, '2024-09-24 03:00:00', '2024-09-24 03:00:00'),
(77, 14, '2024-09-19 03:00:00', 'ocupado', 9, '2024-09-19 03:00:00', '2024-09-19 03:00:00'),
(78, 1, '2024-09-27 19:00:00', 'ocupado', 5, '2024-09-27 19:00:00', '2024-09-27 19:00:00'),
(79, 28, '2024-09-02 13:00:00', 'ocupado', 6, '2024-09-02 13:00:00', '2024-09-02 13:00:00'),
(80, 16, '2024-09-12 00:00:00', 'ocupado', NULL, '2024-09-12 00:00:00', '2024-09-12 00:00:00'),
(81, 13, '2024-09-27 19:00:00', 'disponible', NULL, '2024-09-27 19:00:00', '2024-09-27 19:00:00'),
(82, 3, '2024-09-26 14:00:00', 'disponible', NULL, '2024-09-26 14:00:00', '2024-09-26 14:00:00'),
(83, 24, '2024-09-16 16:00:00', 'ocupado', NULL, '2024-09-16 16:00:00', '2024-09-16 16:00:00'),
(84, 7, '2024-09-14 04:00:00', 'disponible', 3, '2024-09-14 04:00:00', '2024-09-14 04:00:00'),
(85, 3, '2024-09-23 12:00:00', 'ocupado', NULL, '2024-09-23 12:00:00', '2024-09-23 12:00:00'),
(86, 9, '2024-09-07 18:00:00', 'disponible', 10, '2024-09-07 18:00:00', '2024-09-07 18:00:00'),
(87, 28, '2024-09-24 23:00:00', 'ocupado', 7, '2024-09-24 23:00:00', '2024-09-24 23:00:00'),
(88, 14, '2024-09-22 18:00:00', 'ocupado', 7, '2024-09-22 18:00:00', '2024-09-22 18:00:00'),
(89, 19, '2024-09-15 23:00:00', 'ocupado', 4, '2024-09-15 23:00:00', '2024-09-15 23:00:00'),
(90, 13, '2024-09-13 22:00:00', 'disponible', 8, '2024-09-13 22:00:00', '2024-09-13 22:00:00'),
(91, 7, '2024-09-08 03:00:00', 'ocupado', 9, '2024-09-08 03:00:00', '2024-09-08 03:00:00'),
(92, 13, '2024-09-08 15:00:00', 'disponible', 8, '2024-09-08 15:00:00', '2024-09-08 15:00:00'),
(93, 5, '2024-09-15 19:00:00', 'ocupado', 1, '2024-09-15 19:00:00', '2024-09-15 19:00:00'),
(94, 8, '2024-09-24 13:00:00', 'disponible', 7, '2024-09-24 13:00:00', '2024-09-24 13:00:00'),
(95, 14, '2024-09-12 19:00:00', 'disponible', NULL, '2024-09-12 19:00:00', '2024-09-12 19:00:00'),
(96, 22, '2024-09-22 15:00:00', 'ocupado', 6, '2024-09-22 15:00:00', '2024-09-22 15:00:00'),
(97, 4, '2024-09-12 18:00:00', 'ocupado', NULL, '2024-09-12 18:00:00', '2024-09-12 18:00:00'),
(98, 2, '2024-09-17 13:00:00', 'disponible', 5, '2024-09-17 13:00:00', '2024-09-17 13:00:00'),
(99, 13, '2024-09-22 21:00:00', 'disponible', NULL, '2024-09-22 21:00:00', '2024-09-22 21:00:00'),
(100, 2, '2024-09-09 22:00:00', 'disponible', NULL, '2024-09-09 22:00:00', '2024-09-09 22:00:00'),
(101, 17, '2024-09-24 04:00:00', 'ocupado', NULL, '2024-09-24 04:00:00', '2024-09-24 04:00:00'),
(102, 2, '2024-09-03 02:00:00', 'disponible', 1, '2024-09-03 02:00:00', '2024-09-03 02:00:00'),
(103, 19, '2024-09-02 00:00:00', 'ocupado', 8, '2024-09-02 00:00:00', '2024-09-02 00:00:00'),
(104, 16, '2024-09-15 21:00:00', 'ocupado', NULL, '2024-09-15 21:00:00', '2024-09-15 21:00:00'),
(105, 9, '2024-09-07 03:00:00', 'ocupado', 1, '2024-09-07 03:00:00', '2024-09-07 03:00:00'),
(106, 22, '2024-09-07 03:00:00', 'disponible', NULL, '2024-09-07 03:00:00', '2024-09-07 03:00:00'),
(107, 28, '2024-09-20 15:00:00', 'disponible', NULL, '2024-09-20 15:00:00', '2024-09-20 15:00:00'),
(108, 17, '2024-09-08 15:00:00', 'ocupado', 4, '2024-09-08 15:00:00', '2024-09-08 15:00:00'),
(109, 12, '2024-09-05 01:00:00', 'disponible', 4, '2024-09-05 01:00:00', '2024-09-05 01:00:00'),
(110, 30, '2024-09-17 16:00:00', 'ocupado', 7, '2024-09-17 16:00:00', '2024-09-17 16:00:00'),
(111, 21, '2024-09-12 22:00:00', 'disponible', NULL, '2024-09-12 22:00:00', '2024-09-12 22:00:00'),
(112, 9, '2024-09-03 15:00:00', 'ocupado', 3, '2024-09-03 15:00:00', '2024-09-03 15:00:00'),
(113, 15, '2024-09-30 15:00:00', 'ocupado', 4, '2024-09-30 15:00:00', '2024-09-30 15:00:00'),
(114, 14, '2024-09-21 03:00:00', 'ocupado', NULL, '2024-09-21 03:00:00', '2024-09-21 03:00:00'),
(115, 10, '2024-09-22 01:00:00', 'ocupado', 8, '2024-09-22 01:00:00', '2024-09-22 01:00:00'),
(116, 30, '2024-09-13 15:00:00', 'disponible', NULL, '2024-09-13 15:00:00', '2024-09-13 15:00:00'),
(117, 14, '2024-09-23 15:00:00', 'disponible', 2, '2024-09-23 15:00:00', '2024-09-23 15:00:00'),
(118, 30, '2024-09-04 04:00:00', 'ocupado', 9, '2024-09-04 04:00:00', '2024-09-04 04:00:00'),
(119, 21, '2024-09-15 14:00:00', 'ocupado', 4, '2024-09-15 14:00:00', '2024-09-15 14:00:00'),
(120, 10, '2024-09-29 22:00:00', 'disponible', NULL, '2024-09-29 22:00:00', '2024-09-29 22:00:00'),
(121, 28, '2024-09-15 19:00:00', 'disponible', NULL, '2024-09-15 19:00:00', '2024-09-15 19:00:00'),
(122, 7, '2024-09-04 17:00:00', 'disponible', NULL, '2024-09-04 17:00:00', '2024-09-04 17:00:00'),
(123, 1, '2024-09-18 01:00:00', 'ocupado', 4, '2024-09-18 01:00:00', '2024-09-18 01:00:00'),
(124, 8, '2024-09-17 19:00:00', 'ocupado', NULL, '2024-09-17 19:00:00', '2024-09-17 19:00:00'),
(125, 19, '2024-09-14 17:00:00', 'ocupado', 7, '2024-09-14 17:00:00', '2024-09-14 17:00:00'),
(126, 29, '2024-09-24 20:00:00', 'ocupado', NULL, '2024-09-24 20:00:00', '2024-09-24 20:00:00'),
(127, 14, '2024-09-19 18:00:00', 'disponible', NULL, '2024-09-19 18:00:00', '2024-09-19 18:00:00'),
(128, 4, '2024-09-06 01:00:00', 'disponible', 3, '2024-09-06 01:00:00', '2024-09-06 01:00:00'),
(129, 8, '2024-09-02 17:00:00', 'disponible', 10, '2024-09-02 17:00:00', '2024-09-02 17:00:00'),
(130, 3, '2024-09-27 18:00:00', 'disponible', NULL, '2024-09-27 18:00:00', '2024-09-27 18:00:00'),
(131, 3, '2024-09-19 16:00:00', 'disponible', NULL, '2024-09-19 16:00:00', '2024-09-19 16:00:00'),
(132, 2, '2024-09-18 01:00:00', 'ocupado', 5, '2024-09-18 01:00:00', '2024-09-18 01:00:00'),
(133, 12, '2024-09-05 03:00:00', 'disponible', NULL, '2024-09-05 03:00:00', '2024-09-05 03:00:00'),
(134, 7, '2024-09-17 15:00:00', 'ocupado', NULL, '2024-09-17 15:00:00', '2024-09-17 15:00:00'),
(135, 25, '2024-09-10 12:00:00', 'ocupado', 1, '2024-09-10 12:00:00', '2024-09-10 12:00:00'),
(136, 25, '2024-09-07 01:00:00', 'disponible', NULL, '2024-09-07 01:00:00', '2024-09-07 01:00:00'),
(137, 5, '2024-09-10 21:00:00', 'ocupado', NULL, '2024-09-10 21:00:00', '2024-09-10 21:00:00'),
(138, 29, '2024-09-23 12:00:00', 'ocupado', 5, '2024-09-23 12:00:00', '2024-09-23 12:00:00'),
(139, 18, '2024-09-23 14:00:00', 'disponible', 10, '2024-09-23 14:00:00', '2024-09-23 14:00:00'),
(140, 21, '2024-09-07 17:00:00', 'ocupado', NULL, '2024-09-07 17:00:00', '2024-09-07 17:00:00'),
(141, 20, '2024-09-03 15:00:00', 'disponible', NULL, '2024-09-03 15:00:00', '2024-09-03 15:00:00'),
(142, 7, '2024-09-07 00:00:00', 'disponible', 8, '2024-09-07 00:00:00', '2024-09-07 00:00:00'),
(143, 15, '2024-09-11 00:00:00', 'ocupado', 9, '2024-09-11 00:00:00', '2024-09-11 00:00:00'),
(144, 29, '2024-09-17 20:00:00', 'ocupado', 7, '2024-09-17 20:00:00', '2024-09-17 20:00:00'),
(145, 20, '2024-09-02 18:00:00', 'disponible', 9, '2024-09-02 18:00:00', '2024-09-02 18:00:00'),
(146, 6, '2024-09-26 15:00:00', 'disponible', 8, '2024-09-26 15:00:00', '2024-09-26 15:00:00'),
(147, 22, '2024-09-26 04:00:00', 'ocupado', 8, '2024-09-26 04:00:00', '2024-09-26 04:00:00'),
(148, 3, '2024-09-26 15:00:00', 'ocupado', 8, '2024-09-26 15:00:00', '2024-09-26 15:00:00'),
(149, 20, '2024-09-09 04:00:00', 'disponible', 5, '2024-09-09 04:00:00', '2024-09-09 04:00:00'),
(150, 8, '2024-09-16 03:00:00', 'disponible', 9, '2024-09-16 03:00:00', '2024-09-16 03:00:00'),
(151, 10, '2024-09-04 12:00:00', 'disponible', 5, '2024-09-04 12:00:00', '2024-09-04 12:00:00'),
(152, 3, '2024-09-26 02:00:00', 'ocupado', NULL, '2024-09-26 02:00:00', '2024-09-26 02:00:00'),
(153, 11, '2024-09-21 15:00:00', 'ocupado', NULL, '2024-09-21 15:00:00', '2024-09-21 15:00:00'),
(154, 26, '2024-09-21 01:00:00', 'disponible', 7, '2024-09-21 01:00:00', '2024-09-21 01:00:00'),
(155, 24, '2024-09-06 03:00:00', 'ocupado', NULL, '2024-09-06 03:00:00', '2024-09-06 03:00:00'),
(156, 5, '2024-09-13 01:00:00', 'disponible', 4, '2024-09-13 01:00:00', '2024-09-13 01:00:00'),
(157, 16, '2024-09-11 01:00:00', 'ocupado', NULL, '2024-09-11 01:00:00', '2024-09-11 01:00:00'),
(158, 1, '2024-09-02 19:00:00', 'disponible', 8, '2024-09-02 19:00:00', '2024-09-02 19:00:00'),
(159, 4, '2024-09-19 01:00:00', 'disponible', NULL, '2024-09-19 01:00:00', '2024-09-19 01:00:00'),
(160, 10, '2024-09-26 12:00:00', 'ocupado', NULL, '2024-09-26 12:00:00', '2024-09-26 12:00:00'),
(161, 25, '2024-09-16 15:00:00', 'ocupado', 1, '2024-09-16 15:00:00', '2024-09-16 15:00:00'),
(162, 3, '2024-09-25 22:00:00', 'disponible', NULL, '2024-09-25 22:00:00', '2024-09-25 22:00:00'),
(163, 4, '2024-10-01 04:00:00', 'ocupado', 7, '2024-10-01 04:00:00', '2024-10-01 04:00:00'),
(164, 7, '2024-09-19 17:00:00', 'disponible', 3, '2024-09-19 17:00:00', '2024-09-19 17:00:00'),
(165, 18, '2024-09-30 18:00:00', 'disponible', 4, '2024-09-30 18:00:00', '2024-09-30 18:00:00'),
(166, 20, '2024-09-19 19:00:00', 'ocupado', 8, '2024-09-19 19:00:00', '2024-09-19 19:00:00'),
(167, 12, '2024-09-03 04:00:00', 'disponible', 10, '2024-09-03 04:00:00', '2024-09-03 04:00:00'),
(168, 20, '2024-09-23 18:00:00', 'ocupado', 9, '2024-09-23 18:00:00', '2024-09-23 18:00:00'),
(169, 13, '2024-09-30 20:00:00', 'ocupado', NULL, '2024-09-30 20:00:00', '2024-09-30 20:00:00'),
(170, 27, '2024-09-09 02:00:00', 'disponible', 4, '2024-09-09 02:00:00', '2024-09-09 02:00:00'),
(171, 20, '2024-09-09 19:00:00', 'disponible', NULL, '2024-09-09 19:00:00', '2024-09-09 19:00:00'),
(172, 19, '2024-09-02 14:00:00', 'ocupado', 5, '2024-09-02 14:00:00', '2024-09-02 14:00:00'),
(173, 16, '2024-09-18 21:00:00', 'disponible', NULL, '2024-09-18 21:00:00', '2024-09-18 21:00:00'),
(174, 5, '2024-09-02 01:00:00', 'ocupado', 9, '2024-09-02 01:00:00', '2024-09-02 01:00:00'),
(175, 13, '2024-09-02 21:00:00', 'disponible', 10, '2024-09-02 21:00:00', '2024-09-02 21:00:00'),
(176, 4, '2024-09-18 21:00:00', 'ocupado', 7, '2024-09-18 21:00:00', '2024-09-18 21:00:00'),
(177, 2, '2024-09-28 20:00:00', 'disponible', NULL, '2024-09-28 20:00:00', '2024-09-28 20:00:00'),
(178, 25, '2024-09-30 20:00:00', 'disponible', NULL, '2024-09-30 20:00:00', '2024-09-30 20:00:00'),
(179, 12, '2024-09-12 04:00:00', 'disponible', NULL, '2024-09-12 04:00:00', '2024-09-12 04:00:00'),
(180, 18, '2024-09-25 13:00:00', 'disponible', NULL, '2024-09-25 13:00:00', '2024-09-25 13:00:00'),
(181, 19, '2024-09-11 02:00:00', 'disponible', 8, '2024-09-11 02:00:00', '2024-09-11 02:00:00'),
(182, 12, '2024-09-17 04:00:00', 'disponible', NULL, '2024-09-17 04:00:00', '2024-09-17 04:00:00'),
(183, 26, '2024-09-18 13:00:00', 'disponible', 7, '2024-09-18 13:00:00', '2024-09-18 13:00:00'),
(184, 21, '2024-09-18 22:00:00', 'ocupado', NULL, '2024-09-18 22:00:00', '2024-09-18 22:00:00'),
(185, 14, '2024-09-01 20:00:00', 'disponible', 4, '2024-09-01 20:00:00', '2024-09-01 20:00:00'),
(186, 8, '2024-09-19 04:00:00', 'disponible', NULL, '2024-09-19 04:00:00', '2024-09-19 04:00:00'),
(187, 18, '2024-09-10 04:00:00', 'ocupado', NULL, '2024-09-10 04:00:00', '2024-09-10 04:00:00'),
(188, 18, '2024-09-19 14:00:00', 'ocupado', NULL, '2024-09-19 14:00:00', '2024-09-19 14:00:00'),
(189, 23, '2024-09-14 13:00:00', 'ocupado', 9, '2024-09-14 13:00:00', '2024-09-14 13:00:00'),
(190, 7, '2024-09-05 14:00:00', 'ocupado', 5, '2024-09-05 14:00:00', '2024-09-05 14:00:00'),
(191, 3, '2024-09-28 04:00:00', 'disponible', 8, '2024-09-28 04:00:00', '2024-09-28 04:00:00'),
(192, 13, '2024-09-06 03:00:00', 'ocupado', 4, '2024-09-06 03:00:00', '2024-09-06 03:00:00'),
(193, 30, '2024-09-07 14:00:00', 'disponible', 9, '2024-09-07 14:00:00', '2024-09-07 14:00:00'),
(194, 4, '2024-09-02 22:00:00', 'disponible', NULL, '2024-09-02 22:00:00', '2024-09-02 22:00:00'),
(195, 30, '2024-09-05 00:00:00', 'disponible', 9, '2024-09-05 00:00:00', '2024-09-05 00:00:00'),
(196, 5, '2024-09-11 20:00:00', 'disponible', 3, '2024-09-11 20:00:00', '2024-09-11 20:00:00'),
(197, 18, '2024-09-25 01:00:00', 'disponible', 10, '2024-09-25 01:00:00', '2024-09-25 01:00:00'),
(198, 28, '2024-09-08 20:00:00', 'disponible', 4, '2024-09-08 20:00:00', '2024-09-08 20:00:00'),
(199, 22, '2024-09-20 16:00:00', 'ocupado', 2, '2024-09-20 16:00:00', '2024-09-20 16:00:00'),
(200, 20, '2024-09-28 01:00:00', 'ocupado', NULL, '2024-09-28 01:00:00', '2024-09-28 01:00:00'),
(201, 8, '2024-09-28 00:00:00', 'ocupado', NULL, '2024-09-28 00:00:00', '2024-09-28 00:00:00'),
(202, 15, '2024-09-11 18:00:00', 'disponible', NULL, '2024-09-11 18:00:00', '2024-09-11 18:00:00'),
(203, 29, '2024-09-22 16:00:00', 'disponible', 8, '2024-09-22 16:00:00', '2024-09-22 16:00:00'),
(204, 2, '2024-09-08 01:00:00', 'disponible', 5, '2024-09-08 01:00:00', '2024-09-08 01:00:00'),
(205, 8, '2024-09-27 21:00:00', 'disponible', 2, '2024-09-27 21:00:00', '2024-09-27 21:00:00'),
(206, 7, '2024-09-18 16:00:00', 'disponible', NULL, '2024-09-18 16:00:00', '2024-09-18 16:00:00'),
(207, 8, '2024-09-16 21:00:00', 'disponible', 8, '2024-09-16 21:00:00', '2024-09-16 21:00:00'),
(208, 27, '2024-09-03 00:00:00', 'ocupado', 3, '2024-09-03 00:00:00', '2024-09-03 00:00:00'),
(209, 6, '2024-09-05 22:00:00', 'ocupado', NULL, '2024-09-05 22:00:00', '2024-09-05 22:00:00'),
(210, 24, '2024-09-02 21:00:00', 'ocupado', 7, '2024-09-02 21:00:00', '2024-09-02 21:00:00'),
(211, 25, '2024-09-25 20:00:00', 'ocupado', 8, '2024-09-25 20:00:00', '2024-09-25 20:00:00'),
(212, 6, '2024-09-14 04:00:00', 'ocupado', NULL, '2024-09-14 04:00:00', '2024-09-14 04:00:00'),
(213, 30, '2024-09-29 12:00:00', 'ocupado', 6, '2024-09-29 12:00:00', '2024-09-29 12:00:00'),
(214, 11, '2024-09-08 18:00:00', 'ocupado', NULL, '2024-09-08 18:00:00', '2024-09-08 18:00:00'),
(215, 30, '2024-09-02 21:00:00', 'disponible', NULL, '2024-09-02 21:00:00', '2024-09-02 21:00:00'),
(216, 21, '2024-09-03 17:00:00', 'ocupado', 10, '2024-09-03 17:00:00', '2024-09-03 17:00:00'),
(217, 15, '2024-09-24 12:00:00', 'ocupado', NULL, '2024-09-24 12:00:00', '2024-09-24 12:00:00'),
(218, 9, '2024-09-15 16:00:00', 'disponible', 1, '2024-09-15 16:00:00', '2024-09-15 16:00:00'),
(219, 20, '2024-09-13 02:00:00', 'disponible', 2, '2024-09-13 02:00:00', '2024-09-13 02:00:00'),
(220, 15, '2024-09-06 23:00:00', 'disponible', NULL, '2024-09-06 23:00:00', '2024-09-06 23:00:00'),
(221, 16, '2024-09-14 01:00:00', 'ocupado', NULL, '2024-09-14 01:00:00', '2024-09-14 01:00:00'),
(222, 14, '2024-09-02 18:00:00', 'disponible', NULL, '2024-09-02 18:00:00', '2024-09-02 18:00:00'),
(223, 18, '2024-09-27 03:00:00', 'disponible', 1, '2024-09-27 03:00:00', '2024-09-27 03:00:00'),
(224, 27, '2024-09-04 23:00:00', 'ocupado', 6, '2024-09-04 23:00:00', '2024-09-04 23:00:00'),
(225, 2, '2024-09-30 19:00:00', 'ocupado', 3, '2024-09-30 19:00:00', '2024-09-30 19:00:00'),
(226, 5, '2024-09-06 00:00:00', 'ocupado', NULL, '2024-09-06 00:00:00', '2024-09-06 00:00:00'),
(227, 22, '2024-09-03 12:00:00', 'ocupado', NULL, '2024-09-03 12:00:00', '2024-09-03 12:00:00'),
(228, 19, '2024-09-13 02:00:00', 'disponible', 4, '2024-09-13 02:00:00', '2024-09-13 02:00:00'),
(229, 30, '2024-09-13 17:00:00', 'disponible', NULL, '2024-09-13 17:00:00', '2024-09-13 17:00:00'),
(230, 4, '2024-09-20 21:00:00', 'disponible', 5, '2024-09-20 21:00:00', '2024-09-20 21:00:00'),
(231, 12, '2024-09-19 22:00:00', 'disponible', NULL, '2024-09-19 22:00:00', '2024-09-19 22:00:00'),
(232, 27, '2024-09-08 14:00:00', 'ocupado', 5, '2024-09-08 14:00:00', '2024-09-08 14:00:00'),
(233, 24, '2024-09-04 14:00:00', 'disponible', NULL, '2024-09-04 14:00:00', '2024-09-04 14:00:00'),
(234, 20, '2024-09-16 14:00:00', 'ocupado', 6, '2024-09-16 14:00:00', '2024-09-16 14:00:00'),
(235, 14, '2024-09-17 01:00:00', 'disponible', 6, '2024-09-17 01:00:00', '2024-09-17 01:00:00'),
(236, 22, '2024-09-15 23:00:00', 'disponible', 10, '2024-09-15 23:00:00', '2024-09-15 23:00:00'),
(237, 5, '2024-09-23 22:00:00', 'disponible', NULL, '2024-09-23 22:00:00', '2024-09-23 22:00:00'),
(238, 13, '2024-09-09 16:00:00', 'ocupado', 8, '2024-09-09 16:00:00', '2024-09-09 16:00:00'),
(239, 7, '2024-09-04 13:00:00', 'disponible', 4, '2024-09-04 13:00:00', '2024-09-04 13:00:00'),
(240, 14, '2024-09-04 22:00:00', 'ocupado', 8, '2024-09-04 22:00:00', '2024-09-04 22:00:00'),
(241, 3, '2024-09-26 15:00:00', 'ocupado', NULL, '2024-09-26 15:00:00', '2024-09-26 15:00:00'),
(242, 11, '2024-09-09 19:00:00', 'ocupado', NULL, '2024-09-09 19:00:00', '2024-09-09 19:00:00'),
(243, 27, '2024-09-24 23:00:00', 'disponible', NULL, '2024-09-24 23:00:00', '2024-09-24 23:00:00'),
(244, 13, '2024-09-21 15:00:00', 'ocupado', 10, '2024-09-21 15:00:00', '2024-09-21 15:00:00'),
(245, 8, '2024-09-20 22:00:00', 'disponible', NULL, '2024-09-20 22:00:00', '2024-09-20 22:00:00'),
(246, 10, '2024-09-14 16:00:00', 'disponible', 6, '2024-09-14 16:00:00', '2024-09-14 16:00:00'),
(247, 22, '2024-09-07 21:00:00', 'disponible', NULL, '2024-09-07 21:00:00', '2024-09-07 21:00:00'),
(248, 9, '2024-09-13 00:00:00', 'ocupado', NULL, '2024-09-13 00:00:00', '2024-09-13 00:00:00'),
(249, 1, '2024-09-27 16:00:00', 'ocupado', NULL, '2024-09-27 16:00:00', '2024-09-27 16:00:00'),
(250, 14, '2024-09-10 20:00:00', 'ocupado', NULL, '2024-09-10 20:00:00', '2024-09-10 20:00:00'),
(251, 3, '2024-09-13 12:00:00', 'ocupado', 8, '2024-09-13 12:00:00', '2024-09-13 12:00:00'),
(252, 14, '2024-09-11 17:00:00', 'ocupado', 1, '2024-09-11 17:00:00', '2024-09-11 17:00:00'),
(253, 17, '2024-09-16 22:00:00', 'disponible', NULL, '2024-09-16 22:00:00', '2024-09-16 22:00:00'),
(254, 16, '2024-09-11 19:00:00', 'ocupado', 7, '2024-09-11 19:00:00', '2024-09-11 19:00:00'),
(255, 23, '2024-09-20 13:00:00', 'disponible', 2, '2024-09-20 13:00:00', '2024-09-20 13:00:00'),
(256, 1, '2024-09-23 03:00:00', 'ocupado', NULL, '2024-09-23 03:00:00', '2024-09-23 03:00:00'),
(257, 30, '2024-09-02 20:00:00', 'disponible', NULL, '2024-09-02 20:00:00', '2024-09-02 20:00:00'),
(258, 18, '2024-09-30 20:00:00', 'ocupado', 5, '2024-09-30 20:00:00', '2024-09-30 20:00:00'),
(259, 15, '2024-09-23 13:00:00', 'disponible', NULL, '2024-09-23 13:00:00', '2024-09-23 13:00:00'),
(260, 2, '2024-09-02 13:00:00', 'disponible', 4, '2024-09-02 13:00:00', '2024-09-02 13:00:00'),
(261, 1, '2024-09-19 04:00:00', 'disponible', NULL, '2024-09-19 04:00:00', '2024-09-19 04:00:00'),
(262, 30, '2024-09-12 15:00:00', 'ocupado', 1, '2024-09-12 15:00:00', '2024-09-12 15:00:00'),
(263, 9, '2024-09-14 14:00:00', 'ocupado', 9, '2024-09-14 14:00:00', '2024-09-14 14:00:00'),
(264, 26, '2024-09-27 12:00:00', 'disponible', 1, '2024-09-27 12:00:00', '2024-09-27 12:00:00'),
(265, 27, '2024-09-29 15:00:00', 'ocupado', NULL, '2024-09-29 15:00:00', '2024-09-29 15:00:00'),
(266, 7, '2024-09-22 22:00:00', 'ocupado', 4, '2024-09-22 22:00:00', '2024-09-22 22:00:00'),
(267, 4, '2024-09-12 16:00:00', 'disponible', NULL, '2024-09-12 16:00:00', '2024-09-12 16:00:00'),
(268, 21, '2024-09-29 13:00:00', 'ocupado', NULL, '2024-09-29 13:00:00', '2024-09-29 13:00:00'),
(269, 3, '2024-09-15 22:00:00', 'ocupado', 8, '2024-09-15 22:00:00', '2024-09-15 22:00:00'),
(270, 23, '2024-09-20 19:00:00', 'disponible', 9, '2024-09-20 19:00:00', '2024-09-20 19:00:00'),
(271, 9, '2024-09-06 21:00:00', 'disponible', 7, '2024-09-06 21:00:00', '2024-09-06 21:00:00'),
(272, 30, '2024-09-01 19:00:00', 'disponible', NULL, '2024-09-01 19:00:00', '2024-09-01 19:00:00'),
(273, 19, '2024-09-08 23:00:00', 'ocupado', 4, '2024-09-08 23:00:00', '2024-09-08 23:00:00'),
(274, 9, '2024-09-13 14:00:00', 'disponible', 4, '2024-09-13 14:00:00', '2024-09-13 14:00:00'),
(275, 30, '2024-09-20 16:00:00', 'disponible', 1, '2024-09-20 16:00:00', '2024-09-20 16:00:00'),
(276, 28, '2024-09-29 23:00:00', 'disponible', 7, '2024-09-29 23:00:00', '2024-09-29 23:00:00'),
(277, 24, '2024-09-02 00:00:00', 'ocupado', 1, '2024-09-02 00:00:00', '2024-09-02 00:00:00'),
(278, 23, '2024-09-15 04:00:00', 'disponible', NULL, '2024-09-15 04:00:00', '2024-09-15 04:00:00'),
(279, 21, '2024-09-18 14:00:00', 'disponible', NULL, '2024-09-18 14:00:00', '2024-09-18 14:00:00'),
(280, 9, '2024-09-06 16:00:00', 'disponible', NULL, '2024-09-06 16:00:00', '2024-09-06 16:00:00'),
(281, 11, '2024-09-12 01:00:00', 'ocupado', 10, '2024-09-12 01:00:00', '2024-09-12 01:00:00'),
(282, 6, '2024-09-19 03:00:00', 'ocupado', 4, '2024-09-19 03:00:00', '2024-09-19 03:00:00'),
(283, 8, '2024-09-24 00:00:00', 'ocupado', NULL, '2024-09-24 00:00:00', '2024-09-24 00:00:00'),
(284, 15, '2024-09-05 23:00:00', 'disponible', 2, '2024-09-05 23:00:00', '2024-09-05 23:00:00'),
(285, 28, '2024-09-02 22:00:00', 'ocupado', 3, '2024-09-02 22:00:00', '2024-09-02 22:00:00'),
(286, 20, '2024-09-13 23:00:00', 'ocupado', 10, '2024-09-13 23:00:00', '2024-09-13 23:00:00'),
(287, 12, '2024-09-11 15:00:00', 'disponible', NULL, '2024-09-11 15:00:00', '2024-09-11 15:00:00'),
(288, 4, '2024-09-11 02:00:00', 'ocupado', 5, '2024-09-11 02:00:00', '2024-09-11 02:00:00'),
(289, 19, '2024-09-25 16:00:00', 'disponible', 3, '2024-09-25 16:00:00', '2024-09-25 16:00:00'),
(290, 10, '2024-09-12 03:00:00', 'ocupado', 7, '2024-09-12 03:00:00', '2024-09-12 03:00:00'),
(291, 16, '2024-09-12 18:00:00', 'ocupado', 8, '2024-09-12 18:00:00', '2024-09-12 18:00:00'),
(292, 9, '2024-09-18 00:00:00', 'ocupado', 6, '2024-09-18 00:00:00', '2024-09-18 00:00:00'),
(293, 28, '2024-09-18 19:00:00', 'disponible', 4, '2024-09-18 19:00:00', '2024-09-18 19:00:00'),
(294, 3, '2024-09-02 02:00:00', 'disponible', NULL, '2024-09-02 02:00:00', '2024-09-02 02:00:00'),
(295, 14, '2024-09-08 13:00:00', 'ocupado', NULL, '2024-09-08 13:00:00', '2024-09-08 13:00:00'),
(296, 4, '2024-09-22 13:00:00', 'disponible', NULL, '2024-09-22 13:00:00', '2024-09-22 13:00:00'),
(297, 16, '2024-09-29 01:00:00', 'ocupado', 5, '2024-09-29 01:00:00', '2024-09-29 01:00:00'),
(298, 29, '2024-09-04 19:00:00', 'disponible', NULL, '2024-09-04 19:00:00', '2024-09-04 19:00:00'),
(299, 19, '2024-09-28 12:00:00', 'ocupado', NULL, '2024-09-28 12:00:00', '2024-09-28 12:00:00'),
(300, 1, '2024-09-28 19:00:00', 'ocupado', 9, '2024-09-28 19:00:00', '2024-09-28 19:00:00'),
(301, 8, '2024-09-18 13:00:00', 'ocupado', NULL, '2024-09-18 13:00:00', '2024-09-18 13:00:00'),
(302, 7, '2024-09-22 21:00:00', 'ocupado', NULL, '2024-09-22 21:00:00', '2024-09-22 21:00:00'),
(303, 2, '2024-09-21 04:00:00', 'ocupado', 7, '2024-09-21 04:00:00', '2024-09-21 04:00:00'),
(304, 1, '2024-09-28 19:00:00', 'disponible', NULL, '2024-09-28 19:00:00', '2024-09-28 19:00:00'),
(305, 12, '2024-09-03 02:00:00', 'disponible', 7, '2024-09-03 02:00:00', '2024-09-03 02:00:00'),
(306, 6, '2024-09-04 23:00:00', 'ocupado', NULL, '2024-09-04 23:00:00', '2024-09-04 23:00:00'),
(307, 3, '2024-09-17 21:00:00', 'ocupado', NULL, '2024-09-17 21:00:00', '2024-09-17 21:00:00'),
(308, 7, '2024-09-30 15:00:00', 'disponible', 8, '2024-09-30 15:00:00', '2024-09-30 15:00:00'),
(309, 14, '2024-09-18 04:00:00', 'ocupado', NULL, '2024-09-18 04:00:00', '2024-09-18 04:00:00'),
(310, 13, '2024-09-20 00:00:00', 'ocupado', 9, '2024-09-20 00:00:00', '2024-09-20 00:00:00'),
(311, 8, '2024-09-24 13:00:00', 'ocupado', NULL, '2024-09-24 13:00:00', '2024-09-24 13:00:00'),
(312, 14, '2024-09-27 12:00:00', 'disponible', 1, '2024-09-27 12:00:00', '2024-09-27 12:00:00'),
(313, 25, '2024-09-12 16:00:00', 'disponible', NULL, '2024-09-12 16:00:00', '2024-09-12 16:00:00'),
(314, 26, '2024-09-24 21:00:00', 'disponible', 3, '2024-09-24 21:00:00', '2024-09-24 21:00:00'),
(315, 5, '2024-09-14 19:00:00', 'disponible', 9, '2024-09-14 19:00:00', '2024-09-14 19:00:00'),
(316, 25, '2024-09-02 01:00:00', 'disponible', 6, '2024-09-02 01:00:00', '2024-09-02 01:00:00'),
(317, 26, '2024-09-05 19:00:00', 'ocupado', 3, '2024-09-05 19:00:00', '2024-09-05 19:00:00'),
(318, 18, '2024-09-01 18:00:00', 'disponible', 6, '2024-09-01 18:00:00', '2024-09-01 18:00:00'),
(319, 4, '2024-09-22 00:00:00', 'ocupado', NULL, '2024-09-22 00:00:00', '2024-09-22 00:00:00'),
(320, 8, '2024-09-11 00:00:00', 'ocupado', 9, '2024-09-11 00:00:00', '2024-09-11 00:00:00'),
(321, 25, '2024-09-22 04:00:00', 'ocupado', 4, '2024-09-22 04:00:00', '2024-09-22 04:00:00'),
(322, 14, '2024-09-23 00:00:00', 'disponible', NULL, '2024-09-23 00:00:00', '2024-09-23 00:00:00'),
(323, 26, '2024-09-10 13:00:00', 'ocupado', 4, '2024-09-10 13:00:00', '2024-09-10 13:00:00'),
(324, 5, '2024-09-08 12:00:00', 'ocupado', NULL, '2024-09-08 12:00:00', '2024-09-08 12:00:00'),
(325, 22, '2024-10-01 04:00:00', 'disponible', NULL, '2024-10-01 04:00:00', '2024-10-01 04:00:00'),
(326, 20, '2024-09-20 01:00:00', 'disponible', NULL, '2024-09-20 01:00:00', '2024-09-20 01:00:00'),
(327, 24, '2024-09-26 22:00:00', 'ocupado', 9, '2024-09-26 22:00:00', '2024-09-26 22:00:00'),
(328, 12, '2024-09-25 22:00:00', 'disponible', 4, '2024-09-25 22:00:00', '2024-09-25 22:00:00'),
(329, 3, '2024-09-11 14:00:00', 'disponible', NULL, '2024-09-11 14:00:00', '2024-09-11 14:00:00'),
(330, 7, '2024-09-15 02:00:00', 'ocupado', NULL, '2024-09-15 02:00:00', '2024-09-15 02:00:00'),
(331, 1, '2024-09-04 20:00:00', 'disponible', NULL, '2024-09-04 20:00:00', '2024-09-04 20:00:00'),
(332, 1, '2024-09-24 23:00:00', 'ocupado', NULL, '2024-09-24 23:00:00', '2024-09-24 23:00:00'),
(333, 22, '2024-09-01 19:00:00', 'ocupado', NULL, '2024-09-01 19:00:00', '2024-09-01 19:00:00'),
(334, 21, '2024-09-20 13:00:00', 'disponible', NULL, '2024-09-20 13:00:00', '2024-09-20 13:00:00'),
(335, 15, '2024-09-06 03:00:00', 'ocupado', NULL, '2024-09-06 03:00:00', '2024-09-06 03:00:00'),
(336, 8, '2024-09-27 13:00:00', 'disponible', 4, '2024-09-27 13:00:00', '2024-09-27 13:00:00'),
(337, 2, '2024-09-20 15:00:00', 'disponible', NULL, '2024-09-20 15:00:00', '2024-09-20 15:00:00'),
(338, 12, '2024-09-12 15:00:00', 'disponible', 9, '2024-09-12 15:00:00', '2024-09-12 15:00:00'),
(339, 6, '2024-09-05 23:00:00', 'disponible', 2, '2024-09-05 23:00:00', '2024-09-05 23:00:00'),
(340, 10, '2024-09-08 19:00:00', 'ocupado', NULL, '2024-09-08 19:00:00', '2024-09-08 19:00:00'),
(341, 10, '2024-09-14 18:00:00', 'ocupado', 4, '2024-09-14 18:00:00', '2024-09-14 18:00:00'),
(342, 10, '2024-09-18 13:00:00', 'disponible', 9, '2024-09-18 13:00:00', '2024-09-18 13:00:00'),
(343, 19, '2024-09-18 14:00:00', 'disponible', 7, '2024-09-18 14:00:00', '2024-09-18 14:00:00'),
(344, 12, '2024-09-12 22:00:00', 'ocupado', 5, '2024-09-12 22:00:00', '2024-09-12 22:00:00'),
(345, 8, '2024-09-27 19:00:00', 'disponible', 9, '2024-09-27 19:00:00', '2024-09-27 19:00:00'),
(346, 20, '2024-09-18 12:00:00', 'disponible', NULL, '2024-09-18 12:00:00', '2024-09-18 12:00:00'),
(347, 15, '2024-09-26 21:00:00', 'disponible', NULL, '2024-09-26 21:00:00', '2024-09-26 21:00:00'),
(348, 5, '2024-09-24 19:00:00', 'disponible', 9, '2024-09-24 19:00:00', '2024-09-24 19:00:00'),
(349, 13, '2024-09-11 19:00:00', 'ocupado', 8, '2024-09-11 19:00:00', '2024-09-11 19:00:00'),
(350, 26, '2024-09-03 23:00:00', 'disponible', 2, '2024-09-03 23:00:00', '2024-09-03 23:00:00'),
(351, 2, '2024-09-19 18:00:00', 'disponible', NULL, '2024-09-19 18:00:00', '2024-09-19 18:00:00'),
(352, 12, '2024-09-05 16:00:00', 'disponible', NULL, '2024-09-05 16:00:00', '2024-09-05 16:00:00'),
(353, 2, '2024-09-15 00:00:00', 'ocupado', NULL, '2024-09-15 00:00:00', '2024-09-15 00:00:00'),
(354, 17, '2024-09-03 14:00:00', 'ocupado', 5, '2024-09-03 14:00:00', '2024-09-03 14:00:00'),
(355, 12, '2024-09-17 13:00:00', 'ocupado', NULL, '2024-09-17 13:00:00', '2024-09-17 13:00:00'),
(356, 29, '2024-09-14 16:00:00', 'ocupado', NULL, '2024-09-14 16:00:00', '2024-09-14 16:00:00'),
(357, 5, '2024-09-14 13:00:00', 'ocupado', NULL, '2024-09-14 13:00:00', '2024-09-14 13:00:00'),
(358, 23, '2024-09-09 01:00:00', 'disponible', 9, '2024-09-09 01:00:00', '2024-09-09 01:00:00'),
(359, 29, '2024-09-18 14:00:00', 'disponible', 8, '2024-09-18 14:00:00', '2024-09-18 14:00:00'),
(360, 29, '2024-09-27 02:00:00', 'ocupado', 4, '2024-09-27 02:00:00', '2024-09-27 02:00:00'),
(361, 14, '2024-09-08 23:00:00', 'ocupado', NULL, '2024-09-08 23:00:00', '2024-09-08 23:00:00'),
(362, 7, '2024-09-01 13:00:00', 'ocupado', NULL, '2024-09-01 13:00:00', '2024-09-01 13:00:00'),
(363, 18, '2024-09-06 20:00:00', 'disponible', NULL, '2024-09-06 20:00:00', '2024-09-06 20:00:00'),
(364, 5, '2024-09-23 22:00:00', 'ocupado', 6, '2024-09-23 22:00:00', '2024-09-23 22:00:00'),
(365, 8, '2024-09-07 01:00:00', 'ocupado', NULL, '2024-09-07 01:00:00', '2024-09-07 01:00:00'),
(366, 25, '2024-09-08 13:00:00', 'disponible', 5, '2024-09-08 13:00:00', '2024-09-08 13:00:00'),
(367, 1, '2024-09-17 02:00:00', 'ocupado', 8, '2024-09-17 02:00:00', '2024-09-17 02:00:00'),
(368, 19, '2024-09-07 01:00:00', 'ocupado', NULL, '2024-09-07 01:00:00', '2024-09-07 01:00:00'),
(369, 7, '2024-09-20 04:00:00', 'disponible', NULL, '2024-09-20 04:00:00', '2024-09-20 04:00:00'),
(370, 21, '2024-09-21 18:00:00', 'disponible', NULL, '2024-09-21 18:00:00', '2024-09-21 18:00:00'),
(371, 19, '2024-09-08 15:00:00', 'ocupado', 5, '2024-09-08 15:00:00', '2024-09-08 15:00:00'),
(372, 4, '2024-09-25 12:00:00', 'disponible', 10, '2024-09-25 12:00:00', '2024-09-25 12:00:00'),
(373, 29, '2024-09-16 04:00:00', 'disponible', 6, '2024-09-16 04:00:00', '2024-09-16 04:00:00'),
(374, 21, '2024-09-27 13:00:00', 'disponible', 1, '2024-09-27 13:00:00', '2024-09-27 13:00:00'),
(375, 16, '2024-09-03 20:00:00', 'disponible', 1, '2024-09-03 20:00:00', '2024-09-03 20:00:00'),
(376, 6, '2024-09-30 04:00:00', 'disponible', NULL, '2024-09-30 04:00:00', '2024-09-30 04:00:00'),
(377, 4, '2024-09-19 03:00:00', 'disponible', 5, '2024-09-19 03:00:00', '2024-09-19 03:00:00'),
(378, 3, '2024-09-20 18:00:00', 'ocupado', NULL, '2024-09-20 18:00:00', '2024-09-20 18:00:00'),
(379, 8, '2024-09-28 14:00:00', 'disponible', NULL, '2024-09-28 14:00:00', '2024-09-28 14:00:00'),
(380, 24, '2024-09-10 18:00:00', 'ocupado', 10, '2024-09-10 18:00:00', '2024-09-10 18:00:00'),
(381, 27, '2024-09-13 04:00:00', 'disponible', NULL, '2024-09-13 04:00:00', '2024-09-13 04:00:00'),
(382, 2, '2024-09-13 03:00:00', 'disponible', NULL, '2024-09-13 03:00:00', '2024-09-13 03:00:00'),
(383, 19, '2024-09-12 02:00:00', 'ocupado', NULL, '2024-09-12 02:00:00', '2024-09-12 02:00:00'),
(384, 26, '2024-09-07 21:00:00', 'ocupado', NULL, '2024-09-07 21:00:00', '2024-09-07 21:00:00'),
(385, 2, '2024-09-10 16:00:00', 'disponible', 1, '2024-09-10 16:00:00', '2024-09-10 16:00:00'),
(386, 27, '2024-10-01 01:00:00', 'ocupado', 8, '2024-10-01 01:00:00', '2024-10-01 01:00:00'),
(387, 1, '2024-09-17 23:00:00', 'ocupado', NULL, '2024-09-17 23:00:00', '2024-09-17 23:00:00'),
(388, 16, '2024-09-24 01:00:00', 'ocupado', 9, '2024-09-24 01:00:00', '2024-09-24 01:00:00'),
(389, 19, '2024-09-21 17:00:00', 'ocupado', NULL, '2024-09-21 17:00:00', '2024-09-21 17:00:00'),
(390, 3, '2024-09-02 04:00:00', 'disponible', 10, '2024-09-02 04:00:00', '2024-09-02 04:00:00'),
(391, 12, '2024-09-28 12:00:00', 'disponible', NULL, '2024-09-28 12:00:00', '2024-09-28 12:00:00'),
(392, 27, '2024-09-06 22:00:00', 'disponible', 7, '2024-09-06 22:00:00', '2024-09-06 22:00:00'),
(393, 10, '2024-09-22 02:00:00', 'ocupado', 4, '2024-09-22 02:00:00', '2024-09-22 02:00:00'),
(394, 20, '2024-09-06 19:00:00', 'disponible', 8, '2024-09-06 19:00:00', '2024-09-06 19:00:00'),
(395, 9, '2024-09-10 12:00:00', 'disponible', NULL, '2024-09-10 12:00:00', '2024-09-10 12:00:00'),
(396, 18, '2024-09-29 22:00:00', 'ocupado', 2, '2024-09-29 22:00:00', '2024-09-29 22:00:00'),
(397, 7, '2024-09-02 13:00:00', 'disponible', 6, '2024-09-02 13:00:00', '2024-09-02 13:00:00'),
(398, 14, '2024-09-10 13:00:00', 'disponible', NULL, '2024-09-10 13:00:00', '2024-09-10 13:00:00'),
(399, 3, '2024-09-26 20:00:00', 'ocupado', NULL, '2024-09-26 20:00:00', '2024-09-26 20:00:00'),
(400, 6, '2024-09-09 02:00:00', 'disponible', NULL, '2024-09-09 02:00:00', '2024-09-09 02:00:00'),
(401, 9, '2024-09-01 13:00:00', 'ocupado', 3, '2024-09-01 13:00:00', '2024-09-01 13:00:00'),
(402, 25, '2024-09-04 04:00:00', 'ocupado', 3, '2024-09-04 04:00:00', '2024-09-04 04:00:00'),
(403, 20, '2024-09-02 19:00:00', 'disponible', NULL, '2024-09-02 19:00:00', '2024-09-02 19:00:00'),
(404, 13, '2024-09-15 03:00:00', 'disponible', NULL, '2024-09-15 03:00:00', '2024-09-15 03:00:00'),
(405, 23, '2024-09-17 12:00:00', 'ocupado', 9, '2024-09-17 12:00:00', '2024-09-17 12:00:00'),
(406, 4, '2024-09-02 17:00:00', 'ocupado', NULL, '2024-09-02 17:00:00', '2024-09-02 17:00:00'),
(407, 2, '2024-09-02 04:00:00', 'disponible', 5, '2024-09-02 04:00:00', '2024-09-02 04:00:00'),
(408, 29, '2024-09-24 22:00:00', 'ocupado', 4, '2024-09-24 22:00:00', '2024-09-24 22:00:00'),
(409, 22, '2024-09-02 17:00:00', 'disponible', NULL, '2024-09-02 17:00:00', '2024-09-02 17:00:00'),
(410, 13, '2024-09-09 21:00:00', 'ocupado', NULL, '2024-09-09 21:00:00', '2024-09-09 21:00:00'),
(411, 9, '2024-09-25 16:00:00', 'disponible', 3, '2024-09-25 16:00:00', '2024-09-25 16:00:00'),
(412, 18, '2024-09-10 20:00:00', 'disponible', NULL, '2024-09-10 20:00:00', '2024-09-10 20:00:00'),
(413, 7, '2024-09-23 13:00:00', 'ocupado', NULL, '2024-09-23 13:00:00', '2024-09-23 13:00:00'),
(414, 21, '2024-09-13 02:00:00', 'disponible', NULL, '2024-09-13 02:00:00', '2024-09-13 02:00:00'),
(415, 12, '2024-09-29 14:00:00', 'disponible', 1, '2024-09-29 14:00:00', '2024-09-29 14:00:00'),
(416, 25, '2024-09-13 02:00:00', 'disponible', 9, '2024-09-13 02:00:00', '2024-09-13 02:00:00'),
(417, 28, '2024-09-24 16:00:00', 'disponible', 2, '2024-09-24 16:00:00', '2024-09-24 16:00:00'),
(418, 10, '2024-09-03 14:00:00', 'disponible', NULL, '2024-09-03 14:00:00', '2024-09-03 14:00:00'),
(419, 9, '2024-09-08 17:00:00', 'disponible', NULL, '2024-09-08 17:00:00', '2024-09-08 17:00:00'),
(420, 25, '2024-09-07 04:00:00', 'ocupado', NULL, '2024-09-07 04:00:00', '2024-09-07 04:00:00'),
(421, 17, '2024-09-04 21:00:00', 'ocupado', 8, '2024-09-04 21:00:00', '2024-09-04 21:00:00'),
(422, 12, '2024-09-02 21:00:00', 'ocupado', 3, '2024-09-02 21:00:00', '2024-09-02 21:00:00'),
(423, 16, '2024-09-01 15:00:00', 'ocupado', 3, '2024-09-01 15:00:00', '2024-09-01 15:00:00'),
(424, 5, '2024-09-11 04:00:00', 'disponible', NULL, '2024-09-11 04:00:00', '2024-09-11 04:00:00'),
(425, 14, '2024-09-16 22:00:00', 'disponible', 2, '2024-09-16 22:00:00', '2024-09-16 22:00:00'),
(426, 1, '2024-09-11 16:00:00', 'disponible', NULL, '2024-09-11 16:00:00', '2024-09-11 16:00:00'),
(427, 10, '2024-09-27 02:00:00', 'ocupado', 2, '2024-09-27 02:00:00', '2024-09-27 02:00:00'),
(428, 6, '2024-09-25 13:00:00', 'disponible', 4, '2024-09-25 13:00:00', '2024-09-25 13:00:00'),
(429, 8, '2024-09-04 04:00:00', 'ocupado', NULL, '2024-09-04 04:00:00', '2024-09-04 04:00:00'),
(430, 4, '2024-09-21 16:00:00', 'disponible', 9, '2024-09-21 16:00:00', '2024-09-21 16:00:00'),
(431, 24, '2024-09-20 23:00:00', 'ocupado', NULL, '2024-09-20 23:00:00', '2024-09-20 23:00:00'),
(432, 4, '2024-09-17 04:00:00', 'disponible', NULL, '2024-09-17 04:00:00', '2024-09-17 04:00:00'),
(433, 28, '2024-09-16 13:00:00', 'ocupado', NULL, '2024-09-16 13:00:00', '2024-09-16 13:00:00'),
(434, 12, '2024-09-24 18:00:00', 'ocupado', NULL, '2024-09-24 18:00:00', '2024-09-24 18:00:00'),
(435, 30, '2024-09-23 19:00:00', 'ocupado', NULL, '2024-09-23 19:00:00', '2024-09-23 19:00:00'),
(436, 18, '2024-09-22 16:00:00', 'disponible', NULL, '2024-09-22 16:00:00', '2024-09-22 16:00:00'),
(437, 15, '2024-09-23 16:00:00', 'disponible', NULL, '2024-09-23 16:00:00', '2024-09-23 16:00:00'),
(438, 2, '2024-09-27 18:00:00', 'ocupado', 5, '2024-09-27 18:00:00', '2024-09-27 18:00:00'),
(439, 15, '2024-09-13 18:00:00', 'disponible', NULL, '2024-09-13 18:00:00', '2024-09-13 18:00:00'),
(440, 23, '2024-09-12 04:00:00', 'ocupado', 2, '2024-09-12 04:00:00', '2024-09-12 04:00:00'),
(441, 23, '2024-09-16 17:00:00', 'ocupado', 7, '2024-09-16 17:00:00', '2024-09-16 17:00:00'),
(442, 13, '2024-09-13 12:00:00', 'disponible', 1, '2024-09-13 12:00:00', '2024-09-13 12:00:00'),
(443, 5, '2024-09-16 16:00:00', 'disponible', NULL, '2024-09-16 16:00:00', '2024-09-16 16:00:00'),
(444, 10, '2024-09-03 12:00:00', 'ocupado', NULL, '2024-09-03 12:00:00', '2024-09-03 12:00:00'),
(445, 18, '2024-09-28 01:00:00', 'disponible', NULL, '2024-09-28 01:00:00', '2024-09-28 01:00:00'),
(446, 17, '2024-09-27 13:00:00', 'ocupado', 2, '2024-09-27 13:00:00', '2024-09-27 13:00:00'),
(447, 29, '2024-09-14 22:00:00', 'disponible', NULL, '2024-09-14 22:00:00', '2024-09-14 22:00:00'),
(448, 20, '2024-09-26 22:00:00', 'ocupado', NULL, '2024-09-26 22:00:00', '2024-09-26 22:00:00'),
(449, 9, '2024-09-17 03:00:00', 'ocupado', NULL, '2024-09-17 03:00:00', '2024-09-17 03:00:00'),
(450, 16, '2024-09-19 03:00:00', 'ocupado', 6, '2024-09-19 03:00:00', '2024-09-19 03:00:00'),
(451, 29, '2024-09-06 14:00:00', 'ocupado', 4, '2024-09-06 14:00:00', '2024-09-06 14:00:00'),
(452, 3, '2024-09-07 01:00:00', 'disponible', NULL, '2024-09-07 01:00:00', '2024-09-07 01:00:00'),
(453, 15, '2024-09-26 15:00:00', 'disponible', 3, '2024-09-26 15:00:00', '2024-09-26 15:00:00'),
(454, 29, '2024-09-09 21:00:00', 'ocupado', NULL, '2024-09-09 21:00:00', '2024-09-09 21:00:00'),
(455, 28, '2024-09-21 21:00:00', 'disponible', NULL, '2024-09-21 21:00:00', '2024-09-21 21:00:00'),
(456, 20, '2024-09-10 13:00:00', 'disponible', 4, '2024-09-10 13:00:00', '2024-09-10 13:00:00'),
(457, 26, '2024-09-27 12:00:00', 'ocupado', 2, '2024-09-27 12:00:00', '2024-09-27 12:00:00'),
(458, 13, '2024-09-24 18:00:00', 'ocupado', 1, '2024-09-24 18:00:00', '2024-09-24 18:00:00'),
(459, 19, '2024-09-03 04:00:00', 'ocupado', 9, '2024-09-03 04:00:00', '2024-09-03 04:00:00'),
(460, 29, '2024-09-30 21:00:00', 'disponible', NULL, '2024-09-30 21:00:00', '2024-09-30 21:00:00'),
(461, 4, '2024-09-19 17:00:00', 'ocupado', 9, '2024-09-19 17:00:00', '2024-09-19 17:00:00'),
(462, 7, '2024-09-13 14:00:00', 'ocupado', 3, '2024-09-13 14:00:00', '2024-09-13 14:00:00'),
(463, 10, '2024-09-01 16:00:00', 'disponible', NULL, '2024-09-01 16:00:00', '2024-09-01 16:00:00'),
(464, 11, '2024-09-23 04:00:00', 'ocupado', NULL, '2024-09-23 04:00:00', '2024-09-23 04:00:00'),
(465, 17, '2024-09-29 21:00:00', 'disponible', NULL, '2024-09-29 21:00:00', '2024-09-29 21:00:00'),
(466, 21, '2024-09-18 15:00:00', 'disponible', NULL, '2024-09-18 15:00:00', '2024-09-18 15:00:00'),
(467, 28, '2024-09-11 03:00:00', 'disponible', NULL, '2024-09-11 03:00:00', '2024-09-11 03:00:00'),
(468, 17, '2024-09-27 17:00:00', 'disponible', NULL, '2024-09-27 17:00:00', '2024-09-27 17:00:00'),
(469, 28, '2024-09-04 04:00:00', 'ocupado', NULL, '2024-09-04 04:00:00', '2024-09-04 04:00:00'),
(470, 25, '2024-09-28 03:00:00', 'ocupado', NULL, '2024-09-28 03:00:00', '2024-09-28 03:00:00'),
(471, 20, '2024-09-11 00:00:00', 'disponible', NULL, '2024-09-11 00:00:00', '2024-09-11 00:00:00'),
(472, 24, '2024-09-11 21:00:00', 'ocupado', 5, '2024-09-11 21:00:00', '2024-09-11 21:00:00'),
(473, 2, '2024-09-05 00:00:00', 'ocupado', NULL, '2024-09-05 00:00:00', '2024-09-05 00:00:00'),
(474, 3, '2024-09-09 21:00:00', 'disponible', NULL, '2024-09-09 21:00:00', '2024-09-09 21:00:00'),
(475, 23, '2024-09-02 03:00:00', 'disponible', 5, '2024-09-02 03:00:00', '2024-09-02 03:00:00'),
(476, 15, '2024-09-15 03:00:00', 'ocupado', 7, '2024-09-15 03:00:00', '2024-09-15 03:00:00'),
(477, 29, '2024-09-27 13:00:00', 'disponible', NULL, '2024-09-27 13:00:00', '2024-09-27 13:00:00'),
(478, 1, '2024-09-11 20:00:00', 'disponible', 7, '2024-09-11 20:00:00', '2024-09-11 20:00:00'),
(479, 23, '2024-09-14 17:00:00', 'disponible', 2, '2024-09-14 17:00:00', '2024-09-14 17:00:00'),
(480, 11, '2024-09-06 02:00:00', 'disponible', 6, '2024-09-06 02:00:00', '2024-09-06 02:00:00'),
(481, 14, '2024-09-13 17:00:00', 'disponible', NULL, '2024-09-13 17:00:00', '2024-09-13 17:00:00'),
(482, 5, '2024-09-03 16:00:00', 'disponible', NULL, '2024-09-03 16:00:00', '2024-09-03 16:00:00'),
(483, 2, '2024-09-18 04:00:00', 'disponible', NULL, '2024-09-18 04:00:00', '2024-09-18 04:00:00'),
(484, 11, '2024-09-09 04:00:00', 'disponible', NULL, '2024-09-09 04:00:00', '2024-09-09 04:00:00'),
(485, 2, '2024-09-19 03:00:00', 'ocupado', NULL, '2024-09-19 03:00:00', '2024-09-19 03:00:00'),
(486, 2, '2024-09-23 14:00:00', 'ocupado', 3, '2024-09-23 14:00:00', '2024-09-23 14:00:00'),
(487, 21, '2024-09-22 14:00:00', 'disponible', NULL, '2024-09-22 14:00:00', '2024-09-22 14:00:00'),
(488, 24, '2024-09-17 13:00:00', 'ocupado', 10, '2024-09-17 13:00:00', '2024-09-17 13:00:00'),
(489, 22, '2024-09-13 14:00:00', 'disponible', NULL, '2024-09-13 14:00:00', '2024-09-13 14:00:00'),
(490, 28, '2024-09-18 19:00:00', 'ocupado', NULL, '2024-09-18 19:00:00', '2024-09-18 19:00:00'),
(491, 7, '2024-09-17 19:00:00', 'ocupado', 9, '2024-09-17 19:00:00', '2024-09-17 19:00:00'),
(492, 15, '2024-09-23 12:00:00', 'disponible', 8, '2024-09-23 12:00:00', '2024-09-23 12:00:00'),
(493, 10, '2024-09-04 13:00:00', 'ocupado', NULL, '2024-09-04 13:00:00', '2024-09-04 13:00:00'),
(494, 12, '2024-09-05 03:00:00', 'ocupado', NULL, '2024-09-05 03:00:00', '2024-09-05 03:00:00'),
(495, 10, '2024-09-27 21:00:00', 'ocupado', NULL, '2024-09-27 21:00:00', '2024-09-27 21:00:00'),
(496, 13, '2024-09-28 20:00:00', 'ocupado', NULL, '2024-09-28 20:00:00', '2024-09-28 20:00:00'),
(497, 11, '2024-09-02 18:00:00', 'ocupado', 10, '2024-09-02 18:00:00', '2024-09-02 18:00:00'),
(498, 20, '2024-09-02 13:00:00', 'ocupado', NULL, '2024-09-02 13:00:00', '2024-09-02 13:00:00'),
(499, 4, '2024-09-23 21:00:00', 'ocupado', NULL, '2024-09-23 21:00:00', '2024-09-23 21:00:00'),
(500, 1, '2024-09-16 02:00:00', 'ocupado', 3, '2024-09-16 02:00:00', '2024-09-16 02:00:00'),
(501, 8, '2024-09-24 23:00:00', 'ocupado', NULL, '2024-09-24 23:00:00', '2024-09-24 23:00:00'),
(502, 17, '2024-09-07 03:00:00', 'disponible', NULL, '2024-09-07 03:00:00', '2024-09-07 03:00:00'),
(503, 24, '2024-09-03 23:00:00', 'ocupado', NULL, '2024-09-03 23:00:00', '2024-09-03 23:00:00'),
(504, 27, '2024-09-22 22:00:00', 'disponible', NULL, '2024-09-22 22:00:00', '2024-09-22 22:00:00'),
(505, 3, '2024-09-21 01:00:00', 'ocupado', NULL, '2024-09-21 01:00:00', '2024-09-21 01:00:00'),
(506, 15, '2024-09-02 19:00:00', 'disponible', NULL, '2024-09-02 19:00:00', '2024-09-02 19:00:00'),
(507, 1, '2024-09-11 00:00:00', 'ocupado', NULL, '2024-09-11 00:00:00', '2024-09-11 00:00:00'),
(508, 10, '2024-09-25 17:00:00', 'ocupado', 10, '2024-09-25 17:00:00', '2024-09-25 17:00:00'),
(509, 26, '2024-09-05 16:00:00', 'ocupado', NULL, '2024-09-05 16:00:00', '2024-09-05 16:00:00'),
(510, 12, '2024-09-02 22:00:00', 'disponible', 9, '2024-09-02 22:00:00', '2024-09-02 22:00:00'),
(511, 6, '2024-09-06 16:00:00', 'ocupado', NULL, '2024-09-06 16:00:00', '2024-09-06 16:00:00'),
(512, 27, '2024-09-27 14:00:00', 'ocupado', NULL, '2024-09-27 14:00:00', '2024-09-27 14:00:00'),
(513, 21, '2024-09-07 01:00:00', 'disponible', NULL, '2024-09-07 01:00:00', '2024-09-07 01:00:00'),
(514, 8, '2024-09-13 04:00:00', 'ocupado', NULL, '2024-09-13 04:00:00', '2024-09-13 04:00:00'),
(515, 14, '2024-09-22 20:00:00', 'ocupado', 9, '2024-09-22 20:00:00', '2024-09-22 20:00:00'),
(516, 16, '2024-09-17 22:00:00', 'disponible', 8, '2024-09-17 22:00:00', '2024-09-17 22:00:00'),
(517, 21, '2024-09-12 15:00:00', 'ocupado', 5, '2024-09-12 15:00:00', '2024-09-12 15:00:00'),
(518, 17, '2024-09-06 14:00:00', 'ocupado', 10, '2024-09-06 14:00:00', '2024-09-06 14:00:00'),
(519, 21, '2024-10-01 01:00:00', 'disponible', NULL, '2024-10-01 01:00:00', '2024-10-01 01:00:00'),
(520, 21, '2024-09-03 16:00:00', 'disponible', 2, '2024-09-03 16:00:00', '2024-09-03 16:00:00'),
(521, 20, '2024-09-12 20:00:00', 'ocupado', NULL, '2024-09-12 20:00:00', '2024-09-12 20:00:00'),
(522, 19, '2024-09-25 13:00:00', 'ocupado', NULL, '2024-09-25 13:00:00', '2024-09-25 13:00:00'),
(523, 8, '2024-09-20 21:00:00', 'ocupado', NULL, '2024-09-20 21:00:00', '2024-09-20 21:00:00'),
(524, 15, '2024-09-08 16:00:00', 'disponible', NULL, '2024-09-08 16:00:00', '2024-09-08 16:00:00'),
(525, 29, '2024-09-24 14:00:00', 'ocupado', NULL, '2024-09-24 14:00:00', '2024-09-24 14:00:00'),
(526, 13, '2024-09-10 22:00:00', 'ocupado', NULL, '2024-09-10 22:00:00', '2024-09-10 22:00:00'),
(527, 17, '2024-09-22 16:00:00', 'ocupado', NULL, '2024-09-22 16:00:00', '2024-09-22 16:00:00'),
(528, 26, '2024-09-20 14:00:00', 'ocupado', 5, '2024-09-20 14:00:00', '2024-09-20 14:00:00');
INSERT INTO `occupancy_logs` (`id`, `espacio_id`, `fecha_hora`, `estado`, `vehiculo_id`, `created_at`, `updated_at`) VALUES
(529, 4, '2024-09-23 12:00:00', 'ocupado', 1, '2024-09-23 12:00:00', '2024-09-23 12:00:00'),
(530, 4, '2024-09-24 23:00:00', 'ocupado', 2, '2024-09-24 23:00:00', '2024-09-24 23:00:00'),
(531, 7, '2024-09-23 20:00:00', 'ocupado', NULL, '2024-09-23 20:00:00', '2024-09-23 20:00:00'),
(532, 9, '2024-09-29 22:00:00', 'disponible', 8, '2024-09-29 22:00:00', '2024-09-29 22:00:00'),
(533, 28, '2024-09-03 13:00:00', 'ocupado', 10, '2024-09-03 13:00:00', '2024-09-03 13:00:00'),
(534, 2, '2024-09-25 14:00:00', 'disponible', NULL, '2024-09-25 14:00:00', '2024-09-25 14:00:00'),
(535, 4, '2024-09-18 00:00:00', 'disponible', 1, '2024-09-18 00:00:00', '2024-09-18 00:00:00'),
(536, 18, '2024-09-12 15:00:00', 'ocupado', NULL, '2024-09-12 15:00:00', '2024-09-12 15:00:00'),
(537, 24, '2024-09-25 14:00:00', 'disponible', 5, '2024-09-25 14:00:00', '2024-09-25 14:00:00'),
(538, 1, '2024-09-25 14:00:00', 'disponible', NULL, '2024-09-25 14:00:00', '2024-09-25 14:00:00'),
(539, 18, '2024-09-14 19:00:00', 'ocupado', NULL, '2024-09-14 19:00:00', '2024-09-14 19:00:00'),
(540, 6, '2024-09-28 00:00:00', 'disponible', 5, '2024-09-28 00:00:00', '2024-09-28 00:00:00'),
(541, 10, '2024-09-27 01:00:00', 'disponible', 2, '2024-09-27 01:00:00', '2024-09-27 01:00:00'),
(542, 14, '2024-09-21 18:00:00', 'disponible', NULL, '2024-09-21 18:00:00', '2024-09-21 18:00:00'),
(543, 18, '2024-09-19 19:00:00', 'ocupado', NULL, '2024-09-19 19:00:00', '2024-09-19 19:00:00'),
(544, 14, '2024-09-17 14:00:00', 'ocupado', NULL, '2024-09-17 14:00:00', '2024-09-17 14:00:00'),
(545, 30, '2024-09-12 19:00:00', 'ocupado', NULL, '2024-09-12 19:00:00', '2024-09-12 19:00:00'),
(546, 25, '2024-09-14 13:00:00', 'ocupado', NULL, '2024-09-14 13:00:00', '2024-09-14 13:00:00'),
(547, 1, '2024-09-17 18:00:00', 'disponible', NULL, '2024-09-17 18:00:00', '2024-09-17 18:00:00'),
(548, 29, '2024-09-26 17:00:00', 'ocupado', NULL, '2024-09-26 17:00:00', '2024-09-26 17:00:00'),
(549, 7, '2024-09-25 18:00:00', 'disponible', 6, '2024-09-25 18:00:00', '2024-09-25 18:00:00'),
(550, 15, '2024-09-14 02:00:00', 'ocupado', NULL, '2024-09-14 02:00:00', '2024-09-14 02:00:00'),
(551, 11, '2024-09-23 22:00:00', 'disponible', NULL, '2024-09-23 22:00:00', '2024-09-23 22:00:00'),
(552, 25, '2024-09-11 02:00:00', 'disponible', 8, '2024-09-11 02:00:00', '2024-09-11 02:00:00'),
(553, 8, '2024-09-06 04:00:00', 'disponible', 1, '2024-09-06 04:00:00', '2024-09-06 04:00:00'),
(554, 12, '2024-09-18 16:00:00', 'ocupado', NULL, '2024-09-18 16:00:00', '2024-09-18 16:00:00'),
(555, 6, '2024-09-04 18:00:00', 'ocupado', NULL, '2024-09-04 18:00:00', '2024-09-04 18:00:00'),
(556, 8, '2024-09-28 21:00:00', 'ocupado', 5, '2024-09-28 21:00:00', '2024-09-28 21:00:00'),
(557, 5, '2024-09-08 20:00:00', 'disponible', NULL, '2024-09-08 20:00:00', '2024-09-08 20:00:00'),
(558, 19, '2024-09-12 13:00:00', 'disponible', 3, '2024-09-12 13:00:00', '2024-09-12 13:00:00'),
(559, 28, '2024-09-13 02:00:00', 'disponible', 6, '2024-09-13 02:00:00', '2024-09-13 02:00:00'),
(560, 23, '2024-09-12 04:00:00', 'disponible', 4, '2024-09-12 04:00:00', '2024-09-12 04:00:00'),
(561, 5, '2024-09-13 13:00:00', 'ocupado', 9, '2024-09-13 13:00:00', '2024-09-13 13:00:00'),
(562, 18, '2024-09-05 23:00:00', 'ocupado', 4, '2024-09-05 23:00:00', '2024-09-05 23:00:00'),
(563, 6, '2024-09-27 14:00:00', 'ocupado', 9, '2024-09-27 14:00:00', '2024-09-27 14:00:00'),
(564, 21, '2024-10-01 04:00:00', 'disponible', 4, '2024-10-01 04:00:00', '2024-10-01 04:00:00'),
(565, 22, '2024-09-23 00:00:00', 'disponible', 3, '2024-09-23 00:00:00', '2024-09-23 00:00:00'),
(566, 2, '2024-09-12 02:00:00', 'ocupado', NULL, '2024-09-12 02:00:00', '2024-09-12 02:00:00'),
(567, 7, '2024-09-12 19:00:00', 'disponible', NULL, '2024-09-12 19:00:00', '2024-09-12 19:00:00'),
(568, 26, '2024-09-12 03:00:00', 'disponible', NULL, '2024-09-12 03:00:00', '2024-09-12 03:00:00'),
(569, 23, '2024-09-25 04:00:00', 'ocupado', NULL, '2024-09-25 04:00:00', '2024-09-25 04:00:00'),
(570, 11, '2024-09-01 18:00:00', 'ocupado', 3, '2024-09-01 18:00:00', '2024-09-01 18:00:00'),
(571, 4, '2024-09-14 19:00:00', 'ocupado', 2, '2024-09-14 19:00:00', '2024-09-14 19:00:00'),
(572, 15, '2024-09-11 16:00:00', 'disponible', NULL, '2024-09-11 16:00:00', '2024-09-11 16:00:00'),
(573, 15, '2024-09-07 22:00:00', 'ocupado', 9, '2024-09-07 22:00:00', '2024-09-07 22:00:00'),
(574, 16, '2024-09-30 23:00:00', 'ocupado', 8, '2024-09-30 23:00:00', '2024-09-30 23:00:00'),
(575, 17, '2024-09-05 15:00:00', 'ocupado', NULL, '2024-09-05 15:00:00', '2024-09-05 15:00:00'),
(576, 10, '2024-09-02 20:00:00', 'disponible', 4, '2024-09-02 20:00:00', '2024-09-02 20:00:00'),
(577, 12, '2024-09-25 20:00:00', 'ocupado', 10, '2024-09-25 20:00:00', '2024-09-25 20:00:00'),
(578, 5, '2024-09-05 23:00:00', 'ocupado', 7, '2024-09-05 23:00:00', '2024-09-05 23:00:00'),
(579, 16, '2024-09-18 00:00:00', 'disponible', NULL, '2024-09-18 00:00:00', '2024-09-18 00:00:00'),
(580, 27, '2024-09-23 12:00:00', 'disponible', 7, '2024-09-23 12:00:00', '2024-09-23 12:00:00'),
(581, 11, '2024-09-10 02:00:00', 'disponible', 10, '2024-09-10 02:00:00', '2024-09-10 02:00:00'),
(582, 30, '2024-09-29 17:00:00', 'disponible', 2, '2024-09-29 17:00:00', '2024-09-29 17:00:00'),
(583, 2, '2024-09-12 00:00:00', 'disponible', 1, '2024-09-12 00:00:00', '2024-09-12 00:00:00'),
(584, 19, '2024-09-26 00:00:00', 'disponible', 10, '2024-09-26 00:00:00', '2024-09-26 00:00:00'),
(585, 1, '2024-09-02 00:00:00', 'ocupado', NULL, '2024-09-02 00:00:00', '2024-09-02 00:00:00'),
(586, 15, '2024-09-15 00:00:00', 'ocupado', 10, '2024-09-15 00:00:00', '2024-09-15 00:00:00'),
(587, 22, '2024-09-25 18:00:00', 'disponible', 5, '2024-09-25 18:00:00', '2024-09-25 18:00:00'),
(588, 21, '2024-09-21 23:00:00', 'disponible', NULL, '2024-09-21 23:00:00', '2024-09-21 23:00:00'),
(589, 16, '2024-09-05 16:00:00', 'ocupado', 5, '2024-09-05 16:00:00', '2024-09-05 16:00:00'),
(590, 22, '2024-09-07 17:00:00', 'ocupado', NULL, '2024-09-07 17:00:00', '2024-09-07 17:00:00'),
(591, 7, '2024-09-26 01:00:00', 'ocupado', 2, '2024-09-26 01:00:00', '2024-09-26 01:00:00'),
(592, 11, '2024-09-13 22:00:00', 'disponible', NULL, '2024-09-13 22:00:00', '2024-09-13 22:00:00'),
(593, 24, '2024-09-22 14:00:00', 'ocupado', 4, '2024-09-22 14:00:00', '2024-09-22 14:00:00'),
(594, 27, '2024-09-23 01:00:00', 'ocupado', 9, '2024-09-23 01:00:00', '2024-09-23 01:00:00'),
(595, 6, '2024-09-13 15:00:00', 'disponible', NULL, '2024-09-13 15:00:00', '2024-09-13 15:00:00'),
(596, 26, '2024-09-11 14:00:00', 'disponible', 6, '2024-09-11 14:00:00', '2024-09-11 14:00:00'),
(597, 19, '2024-09-24 13:00:00', 'ocupado', NULL, '2024-09-24 13:00:00', '2024-09-24 13:00:00'),
(598, 1, '2024-09-15 00:00:00', 'ocupado', NULL, '2024-09-15 00:00:00', '2024-09-15 00:00:00'),
(599, 1, '2024-10-01 03:00:00', 'disponible', 4, '2024-10-01 03:00:00', '2024-10-01 03:00:00'),
(600, 24, '2024-09-27 19:00:00', 'ocupado', 7, '2024-09-27 19:00:00', '2024-09-27 19:00:00'),
(601, 23, '2024-09-09 03:00:00', 'disponible', 4, '2024-09-09 03:00:00', '2024-09-09 03:00:00'),
(602, 1, '2024-09-07 15:00:00', 'disponible', 6, '2024-09-07 15:00:00', '2024-09-07 15:00:00'),
(603, 9, '2024-09-20 00:00:00', 'disponible', 4, '2024-09-20 00:00:00', '2024-09-20 00:00:00'),
(604, 21, '2024-09-30 14:00:00', 'disponible', NULL, '2024-09-30 14:00:00', '2024-09-30 14:00:00'),
(605, 11, '2024-09-12 20:00:00', 'disponible', NULL, '2024-09-12 20:00:00', '2024-09-12 20:00:00'),
(606, 7, '2024-09-07 19:00:00', 'disponible', 6, '2024-09-07 19:00:00', '2024-09-07 19:00:00'),
(607, 27, '2024-09-28 22:00:00', 'ocupado', NULL, '2024-09-28 22:00:00', '2024-09-28 22:00:00'),
(608, 13, '2024-09-07 00:00:00', 'disponible', 5, '2024-09-07 00:00:00', '2024-09-07 00:00:00'),
(609, 1, '2024-09-09 18:00:00', 'disponible', NULL, '2024-09-09 18:00:00', '2024-09-09 18:00:00'),
(610, 1, '2024-09-28 15:00:00', 'ocupado', NULL, '2024-09-28 15:00:00', '2024-09-28 15:00:00'),
(611, 30, '2024-09-18 15:00:00', 'disponible', 10, '2024-09-18 15:00:00', '2024-09-18 15:00:00'),
(612, 3, '2024-09-02 00:00:00', 'ocupado', 6, '2024-09-02 00:00:00', '2024-09-02 00:00:00'),
(613, 13, '2024-09-25 18:00:00', 'disponible', 4, '2024-09-25 18:00:00', '2024-09-25 18:00:00'),
(614, 30, '2024-09-21 20:00:00', 'disponible', 7, '2024-09-21 20:00:00', '2024-09-21 20:00:00'),
(615, 6, '2024-09-23 02:00:00', 'ocupado', 4, '2024-09-23 02:00:00', '2024-09-23 02:00:00'),
(616, 2, '2024-09-08 01:00:00', 'disponible', 10, '2024-09-08 01:00:00', '2024-09-08 01:00:00'),
(617, 29, '2024-09-07 18:00:00', 'disponible', 4, '2024-09-07 18:00:00', '2024-09-07 18:00:00'),
(618, 24, '2024-09-25 02:00:00', 'ocupado', 10, '2024-09-25 02:00:00', '2024-09-25 02:00:00'),
(619, 23, '2024-09-26 12:00:00', 'disponible', 3, '2024-09-26 12:00:00', '2024-09-26 12:00:00'),
(620, 10, '2024-09-16 18:00:00', 'disponible', NULL, '2024-09-16 18:00:00', '2024-09-16 18:00:00'),
(621, 23, '2024-09-22 04:00:00', 'disponible', NULL, '2024-09-22 04:00:00', '2024-09-22 04:00:00'),
(622, 19, '2024-09-07 00:00:00', 'ocupado', 3, '2024-09-07 00:00:00', '2024-09-07 00:00:00'),
(623, 20, '2024-09-15 21:00:00', 'ocupado', NULL, '2024-09-15 21:00:00', '2024-09-15 21:00:00'),
(624, 30, '2024-10-01 02:00:00', 'ocupado', NULL, '2024-10-01 02:00:00', '2024-10-01 02:00:00'),
(625, 29, '2024-09-23 21:00:00', 'disponible', NULL, '2024-09-23 21:00:00', '2024-09-23 21:00:00'),
(626, 13, '2024-09-20 04:00:00', 'ocupado', 3, '2024-09-20 04:00:00', '2024-09-20 04:00:00'),
(627, 15, '2024-09-06 17:00:00', 'disponible', 4, '2024-09-06 17:00:00', '2024-09-06 17:00:00'),
(628, 3, '2024-09-16 03:00:00', 'ocupado', 7, '2024-09-16 03:00:00', '2024-09-16 03:00:00'),
(629, 28, '2024-09-19 20:00:00', 'disponible', NULL, '2024-09-19 20:00:00', '2024-09-19 20:00:00'),
(630, 9, '2024-09-11 04:00:00', 'ocupado', 5, '2024-09-11 04:00:00', '2024-09-11 04:00:00'),
(631, 22, '2024-09-13 04:00:00', 'ocupado', 8, '2024-09-13 04:00:00', '2024-09-13 04:00:00'),
(632, 22, '2024-09-22 20:00:00', 'ocupado', 5, '2024-09-22 20:00:00', '2024-09-22 20:00:00'),
(633, 13, '2024-09-22 03:00:00', 'ocupado', 1, '2024-09-22 03:00:00', '2024-09-22 03:00:00'),
(634, 11, '2024-09-12 23:00:00', 'disponible', NULL, '2024-09-12 23:00:00', '2024-09-12 23:00:00'),
(635, 14, '2024-09-14 01:00:00', 'disponible', 7, '2024-09-14 01:00:00', '2024-09-14 01:00:00'),
(636, 9, '2024-09-01 15:00:00', 'disponible', 8, '2024-09-01 15:00:00', '2024-09-01 15:00:00'),
(637, 30, '2024-09-21 01:00:00', 'disponible', 3, '2024-09-21 01:00:00', '2024-09-21 01:00:00'),
(638, 25, '2024-09-21 21:00:00', 'ocupado', 5, '2024-09-21 21:00:00', '2024-09-21 21:00:00'),
(639, 18, '2024-09-30 04:00:00', 'disponible', 1, '2024-09-30 04:00:00', '2024-09-30 04:00:00'),
(640, 30, '2024-09-21 00:00:00', 'ocupado', NULL, '2024-09-21 00:00:00', '2024-09-21 00:00:00'),
(641, 7, '2024-09-12 19:00:00', 'ocupado', NULL, '2024-09-12 19:00:00', '2024-09-12 19:00:00'),
(642, 17, '2024-09-25 22:00:00', 'ocupado', NULL, '2024-09-25 22:00:00', '2024-09-25 22:00:00'),
(643, 26, '2024-09-21 13:00:00', 'disponible', 9, '2024-09-21 13:00:00', '2024-09-21 13:00:00'),
(644, 21, '2024-09-18 22:00:00', 'disponible', 1, '2024-09-18 22:00:00', '2024-09-18 22:00:00'),
(645, 18, '2024-09-06 18:00:00', 'ocupado', 2, '2024-09-06 18:00:00', '2024-09-06 18:00:00'),
(646, 21, '2024-09-28 23:00:00', 'ocupado', NULL, '2024-09-28 23:00:00', '2024-09-28 23:00:00'),
(647, 12, '2024-09-25 18:00:00', 'ocupado', NULL, '2024-09-25 18:00:00', '2024-09-25 18:00:00'),
(648, 1, '2024-09-08 00:00:00', 'ocupado', NULL, '2024-09-08 00:00:00', '2024-09-08 00:00:00'),
(649, 24, '2024-09-08 14:00:00', 'ocupado', NULL, '2024-09-08 14:00:00', '2024-09-08 14:00:00'),
(650, 8, '2024-09-09 17:00:00', 'ocupado', NULL, '2024-09-09 17:00:00', '2024-09-09 17:00:00');

-- --------------------------------------------------------

--
-- Estructura de tabla para la tabla `packages`
--

CREATE TABLE `packages` (
  `id` bigint(20) UNSIGNED NOT NULL,
  `name` varchar(255) NOT NULL,
  `description` text NOT NULL,
  `price` decimal(8,2) NOT NULL,
  `duration_days` int(11) NOT NULL,
  `max_reservations_per_day` int(11) NOT NULL,
  `fixed_spot` tinyint(1) NOT NULL DEFAULT 0,
  `preferred_schedule` longtext CHARACTER SET utf8mb4 COLLATE utf8mb4_bin DEFAULT NULL CHECK (json_valid(`preferred_schedule`)),
  `active` tinyint(1) NOT NULL DEFAULT 1,
  `created_at` timestamp NULL DEFAULT NULL,
  `updated_at` timestamp NULL DEFAULT NULL
) ENGINE=InnoDB DEFAULT CHARSET=utf8mb4 COLLATE=utf8mb4_unicode_ci;

--
-- Volcado de datos para la tabla `packages`
--

INSERT INTO `packages` (`id`, `name`, `description`, `price`, `duration_days`, `max_reservations_per_day`, `fixed_spot`, `preferred_schedule`, `active`, `created_at`, `updated_at`) VALUES
(1, 'Paquete Básico', 'Paquete básico con 5 reservas diarias', 50.00, 30, 5, 0, NULL, 1, '2025-10-07 00:41:25', '2025-10-07 00:41:25'),
(2, 'Paquete Premium', 'Paquete premium con 10 reservas diarias y espacio fijo', 100.00, 30, 10, 1, NULL, 1, '2025-10-07 00:41:25', '2025-10-07 00:41:25'),
(3, 'Paquete Empresarial', 'Paquete empresarial con reservas ilimitadas', 200.00, 60, 20, 1, NULL, 1, '2025-10-07 00:41:25', '2025-10-07 00:41:25'),
(4, 'Paquete Básico', 'Paquete básico con 5 reservas diarias', 50.00, 30, 5, 0, NULL, 1, '2025-10-07 00:42:08', '2025-10-07 00:42:08'),
(5, 'Paquete Premium', 'Paquete premium con 10 reservas diarias y espacio fijo', 100.00, 30, 10, 1, NULL, 1, '2025-10-07 00:42:08', '2025-10-07 00:42:08'),
(6, 'Paquete Empresarial', 'Paquete empresarial con reservas ilimitadas', 200.00, 60, 20, 1, NULL, 1, '2025-10-07 00:42:08', '2025-10-07 00:42:08'),
(7, 'Paquete Básico', 'Paquete básico con 5 reservas diarias', 50.00, 30, 5, 0, NULL, 1, '2025-10-07 00:43:12', '2025-10-07 00:43:12'),
(8, 'Paquete Premium', 'Paquete premium con 10 reservas diarias y espacio fijo', 100.00, 30, 10, 1, NULL, 1, '2025-10-07 00:43:12', '2025-10-07 00:43:12'),
(9, 'Paquete Empresarial', 'Paquete empresarial con reservas ilimitadas', 200.00, 60, 20, 1, NULL, 1, '2025-10-07 00:43:12', '2025-10-07 00:43:12');

-- --------------------------------------------------------

--
-- Estructura de tabla para la tabla `password_reset_tokens`
--

CREATE TABLE `password_reset_tokens` (
  `email` varchar(255) NOT NULL,
  `token` varchar(255) NOT NULL,
  `created_at` timestamp NULL DEFAULT NULL
) ENGINE=InnoDB DEFAULT CHARSET=utf8mb4 COLLATE=utf8mb4_unicode_ci;

-- --------------------------------------------------------

--
-- Estructura de tabla para la tabla `personal_access_tokens`
--

CREATE TABLE `personal_access_tokens` (
  `id` bigint(20) UNSIGNED NOT NULL,
  `tokenable_type` varchar(255) NOT NULL,
  `tokenable_id` bigint(20) UNSIGNED NOT NULL,
  `name` varchar(255) NOT NULL,
  `token` varchar(64) NOT NULL,
  `abilities` text DEFAULT NULL,
  `last_used_at` timestamp NULL DEFAULT NULL,
  `expires_at` timestamp NULL DEFAULT NULL,
  `created_at` timestamp NULL DEFAULT NULL,
  `updated_at` timestamp NULL DEFAULT NULL
) ENGINE=InnoDB DEFAULT CHARSET=utf8mb4 COLLATE=utf8mb4_unicode_ci;

--
-- Volcado de datos para la tabla `personal_access_tokens`
--

INSERT INTO `personal_access_tokens` (`id`, `tokenable_type`, `tokenable_id`, `name`, `token`, `abilities`, `last_used_at`, `expires_at`, `created_at`, `updated_at`) VALUES
(15, 'App\\Models\\User', 1, 'auth_token', '0337bef79e8c43480758f673810c2eff633c352ec31f26c829c65c338902bc57', '[\"*\"]', '2025-10-07 01:16:47', NULL, '2025-10-07 01:16:44', '2025-10-07 01:16:47');

-- --------------------------------------------------------

--
-- Estructura de tabla para la tabla `reservations`
--

CREATE TABLE `reservations` (
  `id` bigint(20) UNSIGNED NOT NULL,
  `user_id` bigint(20) UNSIGNED NOT NULL,
  `espacio_id` bigint(20) UNSIGNED NOT NULL,
  `fecha_hora_reserva` timestamp NOT NULL DEFAULT current_timestamp() ON UPDATE current_timestamp(),
  `duracion` int(11) NOT NULL DEFAULT 60,
  `estado` enum('pendiente','confirmada','cancelada') NOT NULL DEFAULT 'pendiente',
  `created_at` timestamp NULL DEFAULT NULL,
  `updated_at` timestamp NULL DEFAULT NULL
) ENGINE=InnoDB DEFAULT CHARSET=utf8mb4 COLLATE=utf8mb4_unicode_ci;

--
-- Volcado de datos para la tabla `reservations`
--

INSERT INTO `reservations` (`id`, `user_id`, `espacio_id`, `fecha_hora_reserva`, `duracion`, `estado`, `created_at`, `updated_at`) VALUES
(1, 6, 1, '2025-10-07 02:16:47', 60, 'pendiente', '2025-10-07 00:16:47', '2025-10-07 00:16:47'),
(2, 6, 2, '2025-10-07 04:16:47', 120, 'confirmada', '2025-10-07 00:16:47', '2025-10-07 00:16:47'),
(3, 7, 3, '2025-10-07 06:16:47', 90, 'pendiente', '2025-10-07 00:16:47', '2025-10-07 00:16:47'),
(4, 6, 4, '2025-10-07 08:16:47', 60, 'confirmada', '2025-10-07 00:16:47', '2025-10-07 00:16:47'),
(5, 7, 5, '2025-10-07 10:16:47', 180, 'pendiente', '2025-10-07 00:16:47', '2025-10-07 00:16:47'),
(6, 6, 6, '2025-10-07 12:16:47', 60, 'confirmada', '2025-10-07 00:16:47', '2025-10-07 00:16:47'),
(7, 7, 7, '2025-10-07 14:16:47', 120, 'pendiente', '2025-10-07 00:16:47', '2025-10-07 00:16:47'),
(8, 6, 8, '2025-10-07 16:16:47', 90, 'confirmada', '2025-10-07 00:16:47', '2025-10-07 00:16:47'),
(9, 6, 1, '2025-10-08 00:16:47', 120, 'confirmada', '2025-10-07 00:16:47', '2025-10-07 00:16:47'),
(10, 7, 2, '2025-10-07 05:16:47', 60, 'pendiente', '2025-10-07 00:16:47', '2025-10-07 00:16:47');

-- --------------------------------------------------------

--
-- Estructura de tabla para la tabla `sessions`
--

CREATE TABLE `sessions` (
  `id` varchar(255) NOT NULL,
  `user_id` bigint(20) UNSIGNED DEFAULT NULL,
  `ip_address` varchar(45) DEFAULT NULL,
  `user_agent` text DEFAULT NULL,
  `payload` longtext NOT NULL,
  `last_activity` int(11) NOT NULL
) ENGINE=InnoDB DEFAULT CHARSET=utf8mb4 COLLATE=utf8mb4_unicode_ci;

-- --------------------------------------------------------

--
-- Estructura de tabla para la tabla `spot_holds`
--

CREATE TABLE `spot_holds` (
  `id` bigint(20) UNSIGNED NOT NULL,
  `espacio_id` bigint(20) UNSIGNED NOT NULL,
  `held_by` bigint(20) UNSIGNED NOT NULL,
  `expires_at` timestamp NOT NULL DEFAULT current_timestamp() ON UPDATE current_timestamp(),
  `created_at` timestamp NULL DEFAULT NULL,
  `updated_at` timestamp NULL DEFAULT NULL
) ENGINE=InnoDB DEFAULT CHARSET=utf8mb4 COLLATE=utf8mb4_unicode_ci;

-- --------------------------------------------------------

--
-- Estructura de tabla para la tabla `transacciones`
--

CREATE TABLE `transacciones` (
  `id` bigint(20) UNSIGNED NOT NULL,
  `placas` varchar(255) NOT NULL,
  `fecha_entrada` timestamp NOT NULL DEFAULT current_timestamp() ON UPDATE current_timestamp(),
  `fecha_salida` timestamp NULL DEFAULT NULL,
  `monto` decimal(8,2) NOT NULL,
  `created_at` timestamp NULL DEFAULT NULL,
  `updated_at` timestamp NULL DEFAULT NULL
) ENGINE=InnoDB DEFAULT CHARSET=utf8mb4 COLLATE=utf8mb4_unicode_ci;

--
-- Volcado de datos para la tabla `transacciones`
--

INSERT INTO `transacciones` (`id`, `placas`, `fecha_entrada`, `fecha_salida`, `monto`, `created_at`, `updated_at`) VALUES
(1, 'PQR678', '2025-09-26 20:57:00', '2025-09-26 22:57:00', 47.90, '2025-09-26 22:57:00', '2025-09-26 22:57:00'),
(2, 'BCD890', '2025-09-23 00:00:00', '2025-09-23 01:00:00', 53.26, '2025-09-23 01:00:00', '2025-09-23 01:00:00'),
(3, 'JKL012', '2025-09-15 15:51:00', '2025-09-15 18:51:00', 60.31, '2025-09-15 18:51:00', '2025-09-15 18:51:00'),
(4, 'VWX234', '2025-09-28 17:33:00', '2025-09-28 22:33:00', 36.17, '2025-09-28 22:33:00', '2025-09-28 22:33:00'),
(5, 'PQR678', '2025-09-27 13:06:00', '2025-09-27 20:06:00', 36.05, '2025-09-27 20:06:00', '2025-09-27 20:06:00'),
(6, 'ABC123', '2025-09-16 20:13:00', '2025-09-17 01:13:00', 50.87, '2025-09-17 01:13:00', '2025-09-17 01:13:00'),
(7, 'GHI789', '2025-10-06 01:32:00', '2025-10-06 05:32:00', 33.51, '2025-10-06 05:32:00', '2025-10-06 05:32:00'),
(8, 'GHI789', '2025-09-17 04:10:00', '2025-09-17 07:10:00', 76.06, '2025-09-17 07:10:00', '2025-09-17 07:10:00'),
(9, 'BCD890', '2025-10-04 15:31:00', '2025-10-04 18:31:00', 19.75, '2025-10-04 18:31:00', '2025-10-04 18:31:00'),
(10, 'VWX234', '2025-09-25 22:11:00', '2025-09-26 04:11:00', 41.68, '2025-09-26 04:11:00', '2025-09-26 04:11:00'),
(11, 'PQR678', '2025-09-07 17:47:00', '2025-09-07 20:47:00', 83.27, '2025-09-07 20:47:00', '2025-09-07 20:47:00'),
(12, 'DEF456', '2025-09-28 00:27:00', '2025-09-28 07:27:00', 60.58, '2025-09-28 07:27:00', '2025-09-28 07:27:00'),
(13, 'MNO345', '2025-09-19 01:14:00', '2025-09-19 04:14:00', 61.17, '2025-09-19 04:14:00', '2025-09-19 04:14:00'),
(14, 'BCD890', '2025-10-01 18:22:00', '2025-10-01 21:22:00', 99.30, '2025-10-01 21:22:00', '2025-10-01 21:22:00'),
(15, 'PQR678', '2025-09-10 17:13:00', '2025-09-10 19:13:00', 26.29, '2025-09-10 19:13:00', '2025-09-10 19:13:00'),
(16, 'DEF456', '2025-10-06 18:56:00', '2025-10-07 00:56:00', 47.75, '2025-10-07 00:56:00', '2025-10-07 00:56:00'),
(17, 'MNO345', '2025-09-07 13:04:00', '2025-09-07 14:04:00', 37.89, '2025-09-07 14:04:00', '2025-09-07 14:04:00'),
(18, 'DEF456', '2025-09-15 04:54:00', '2025-09-15 07:54:00', 56.23, '2025-09-15 07:54:00', '2025-09-15 07:54:00'),
(19, 'PQR678', '2025-09-28 00:44:00', '2025-09-28 02:44:00', 23.78, '2025-09-28 02:44:00', '2025-09-28 02:44:00'),
(20, 'DEF456', '2025-09-22 21:26:00', '2025-09-22 22:26:00', 42.47, '2025-09-22 22:26:00', '2025-09-22 22:26:00'),
(21, 'STU901', '2025-09-06 20:27:00', '2025-09-07 00:27:00', 80.58, '2025-09-07 00:27:00', '2025-09-07 00:27:00'),
(22, 'DEF456', '2025-10-02 00:58:00', '2025-10-02 01:58:00', 23.27, '2025-10-02 01:58:00', '2025-10-02 01:58:00'),
(23, 'DEF456', '2025-09-23 15:48:00', '2025-09-23 19:48:00', 30.86, '2025-09-23 19:48:00', '2025-09-23 19:48:00'),
(24, 'BCD890', '2025-09-09 20:04:00', '2025-09-10 03:04:00', 55.02, '2025-09-10 03:04:00', '2025-09-10 03:04:00'),
(25, 'GHI789', '2025-10-04 22:03:00', '2025-10-05 02:03:00', 21.63, '2025-10-05 02:03:00', '2025-10-05 02:03:00'),
(26, 'ABC123', '2024-09-23 12:04:00', '2024-09-23 13:04:00', 44.79, '2024-09-23 13:04:00', '2024-09-23 13:04:00'),
(27, 'ABC123', '2024-09-26 19:11:00', '2024-09-26 22:11:00', 33.14, '2024-09-26 22:11:00', '2024-09-26 22:11:00'),
(28, 'ABC123', '2024-09-17 16:23:00', '2024-09-17 17:23:00', 30.59, '2024-09-17 17:23:00', '2024-09-17 17:23:00'),
(29, 'ABC123', '2024-09-15 16:43:00', '2024-09-15 21:43:00', 22.58, '2024-09-15 21:43:00', '2024-09-15 21:43:00'),
(30, 'ABC123', '2024-09-28 16:28:00', '2024-09-28 23:28:00', 31.71, '2024-09-28 23:28:00', '2024-09-28 23:28:00'),
(31, 'ABC123', '2024-09-20 17:23:00', '2024-09-20 23:23:00', 40.73, '2024-09-20 23:23:00', '2024-09-20 23:23:00'),
(32, 'ABC123', '2024-09-10 21:22:00', '2024-09-10 22:22:00', 41.97, '2024-09-10 22:22:00', '2024-09-10 22:22:00'),
(33, 'ABC123', '2024-09-10 00:49:00', '2024-09-10 03:49:00', 78.15, '2024-09-10 03:49:00', '2024-09-10 03:49:00'),
(34, 'ABC123', '2024-09-11 13:04:00', '2024-09-11 16:04:00', 68.41, '2024-09-11 16:04:00', '2024-09-11 16:04:00'),
(35, 'ABC123', '2024-09-23 04:16:00', '2024-09-23 05:16:00', 62.55, '2024-09-23 05:16:00', '2024-09-23 05:16:00'),
(36, 'ABC123', '2024-09-02 12:57:00', '2024-09-02 16:57:00', 74.06, '2024-09-02 16:57:00', '2024-09-02 16:57:00'),
(37, 'ABC123', '2024-09-21 23:47:00', '2024-09-22 04:47:00', 40.38, '2024-09-22 04:47:00', '2024-09-22 04:47:00'),
(38, 'ABC123', '2024-09-19 00:09:00', '2024-09-19 07:09:00', 60.97, '2024-09-19 07:09:00', '2024-09-19 07:09:00'),
(39, 'ABC123', '2024-09-09 02:02:00', '2024-09-09 05:02:00', 28.26, '2024-09-09 05:02:00', '2024-09-09 05:02:00'),
(40, 'ABC123', '2024-09-25 19:16:00', '2024-09-25 21:16:00', 73.07, '2024-09-25 21:16:00', '2024-09-25 21:16:00'),
(41, 'DEF456', '2024-09-23 14:02:00', '2024-09-23 22:02:00', 25.03, '2024-09-23 22:02:00', '2024-09-23 22:02:00'),
(42, 'DEF456', '2024-09-06 15:40:00', '2024-09-06 19:40:00', 64.07, '2024-09-06 19:40:00', '2024-09-06 19:40:00'),
(43, 'DEF456', '2024-09-11 20:23:00', '2024-09-12 01:23:00', 28.54, '2024-09-12 01:23:00', '2024-09-12 01:23:00'),
(44, 'DEF456', '2024-09-11 00:53:00', '2024-09-11 07:53:00', 72.22, '2024-09-11 07:53:00', '2024-09-11 07:53:00'),
(45, 'DEF456', '2024-09-13 03:14:00', '2024-09-13 05:14:00', 74.37, '2024-09-13 05:14:00', '2024-09-13 05:14:00'),
(46, 'DEF456', '2024-09-16 22:05:00', '2024-09-17 03:05:00', 23.00, '2024-09-17 03:05:00', '2024-09-17 03:05:00'),
(47, 'DEF456', '2024-09-22 23:25:00', '2024-09-23 04:25:00', 57.27, '2024-09-23 04:25:00', '2024-09-23 04:25:00'),
(48, 'DEF456', '2024-09-21 19:48:00', '2024-09-21 20:48:00', 50.85, '2024-09-21 20:48:00', '2024-09-21 20:48:00'),
(49, 'DEF456', '2024-09-24 20:05:00', '2024-09-25 02:05:00', 30.04, '2024-09-25 02:05:00', '2024-09-25 02:05:00'),
(50, 'DEF456', '2024-09-18 22:47:00', '2024-09-19 04:47:00', 77.85, '2024-09-19 04:47:00', '2024-09-19 04:47:00'),
(51, 'DEF456', '2024-09-21 02:23:00', '2024-09-21 06:23:00', 67.19, '2024-09-21 06:23:00', '2024-09-21 06:23:00'),
(52, 'DEF456', '2024-09-25 20:31:00', '2024-09-26 03:31:00', 45.15, '2024-09-26 03:31:00', '2024-09-26 03:31:00'),
(53, 'JKL012', '2024-09-16 03:40:00', '2024-09-16 06:40:00', 35.35, '2024-09-16 06:40:00', '2024-09-16 06:40:00'),
(54, 'JKL012', '2024-09-10 00:35:00', '2024-09-10 01:35:00', 27.35, '2024-09-10 01:35:00', '2024-09-10 01:35:00'),
(55, 'JKL012', '2024-09-18 18:49:00', '2024-09-18 20:49:00', 76.44, '2024-09-18 20:49:00', '2024-09-18 20:49:00'),
(56, 'JKL012', '2024-09-19 14:25:00', '2024-09-19 22:25:00', 42.04, '2024-09-19 22:25:00', '2024-09-19 22:25:00'),
(57, 'JKL012', '2024-09-23 12:36:00', '2024-09-23 19:36:00', 59.25, '2024-09-23 19:36:00', '2024-09-23 19:36:00'),
(58, 'JKL012', '2024-09-19 17:37:00', '2024-09-19 22:37:00', 35.54, '2024-09-19 22:37:00', '2024-09-19 22:37:00'),
(59, 'JKL012', '2024-09-29 04:10:00', '2024-09-29 12:10:00', 55.24, '2024-09-29 12:10:00', '2024-09-29 12:10:00'),
(60, 'JKL012', '2024-09-23 14:29:00', '2024-09-23 16:29:00', 70.66, '2024-09-23 16:29:00', '2024-09-23 16:29:00'),
(61, 'JKL012', '2024-09-04 18:33:00', '2024-09-04 20:33:00', 37.31, '2024-09-04 20:33:00', '2024-09-04 20:33:00'),
(62, 'JKL012', '2024-09-14 17:15:00', '2024-09-14 23:15:00', 30.89, '2024-09-14 23:15:00', '2024-09-14 23:15:00'),
(63, 'PQR678', '2024-09-13 04:21:00', '2024-09-13 12:21:00', 71.53, '2024-09-13 12:21:00', '2024-09-13 12:21:00'),
(64, 'PQR678', '2024-09-28 23:17:00', '2024-09-29 07:17:00', 69.24, '2024-09-29 07:17:00', '2024-09-29 07:17:00'),
(65, 'PQR678', '2024-09-29 12:36:00', '2024-09-29 18:36:00', 68.34, '2024-09-29 18:36:00', '2024-09-29 18:36:00'),
(66, 'PQR678', '2024-09-24 19:05:00', '2024-09-25 01:05:00', 62.10, '2024-09-25 01:05:00', '2024-09-25 01:05:00'),
(67, 'PQR678', '2024-09-24 18:05:00', '2024-09-25 02:05:00', 18.89, '2024-09-25 02:05:00', '2024-09-25 02:05:00'),
(68, 'PQR678', '2024-09-06 13:01:00', '2024-09-06 15:01:00', 77.58, '2024-09-06 15:01:00', '2024-09-06 15:01:00'),
(69, 'PQR678', '2024-09-01 15:35:00', '2024-09-01 21:35:00', 79.82, '2024-09-01 21:35:00', '2024-09-01 21:35:00'),
(70, 'PQR678', '2024-09-05 04:37:00', '2024-09-05 10:37:00', 21.55, '2024-09-05 10:37:00', '2024-09-05 10:37:00'),
(71, 'VWX234', '2024-09-20 15:06:00', '2024-09-20 22:06:00', 37.26, '2024-09-20 22:06:00', '2024-09-20 22:06:00'),
(72, 'VWX234', '2024-09-03 18:53:00', '2024-09-03 20:53:00', 37.90, '2024-09-03 20:53:00', '2024-09-03 20:53:00'),
(73, 'VWX234', '2024-09-04 13:55:00', '2024-09-04 20:55:00', 16.82, '2024-09-04 20:55:00', '2024-09-04 20:55:00'),
(74, 'VWX234', '2024-09-26 19:07:00', '2024-09-26 22:07:00', 62.79, '2024-09-26 22:07:00', '2024-09-26 22:07:00'),
(75, 'VWX234', '2024-09-06 20:44:00', '2024-09-07 00:44:00', 48.95, '2024-09-07 00:44:00', '2024-09-07 00:44:00'),
(76, 'VWX234', '2024-09-28 13:46:00', '2024-09-28 17:46:00', 31.16, '2024-09-28 17:46:00', '2024-09-28 17:46:00'),
(77, 'VWX234', '2024-09-16 20:33:00', '2024-09-16 22:33:00', 62.09, '2024-09-16 22:33:00', '2024-09-16 22:33:00'),
(78, 'ABC123', '2024-09-11 18:53:00', '2024-09-11 19:53:00', 30.70, '2024-09-11 19:53:00', '2024-09-11 19:53:00'),
(79, 'ABC123', '2024-09-26 15:25:00', '2024-09-26 23:25:00', 76.82, '2024-09-26 23:25:00', '2024-09-26 23:25:00'),
(80, 'ABC123', '2024-09-03 15:59:00', '2024-09-03 20:59:00', 39.32, '2024-09-03 20:59:00', '2024-09-03 20:59:00'),
(81, 'ABC123', '2024-09-28 19:59:00', '2024-09-29 01:59:00', 74.53, '2024-09-29 01:59:00', '2024-09-29 01:59:00'),
(82, 'ABC123', '2024-09-28 16:13:00', '2024-09-28 19:13:00', 58.60, '2024-09-28 19:13:00', '2024-09-28 19:13:00'),
(83, 'ABC123', '2024-09-28 02:01:00', '2024-09-28 08:01:00', 55.77, '2024-09-28 08:01:00', '2024-09-28 08:01:00'),
(84, 'ABC123', '2024-09-23 16:30:00', '2024-09-23 19:30:00', 27.31, '2024-09-23 19:30:00', '2024-09-23 19:30:00'),
(85, 'ABC123', '2024-09-05 14:42:00', '2024-09-05 19:42:00', 37.54, '2024-09-05 19:42:00', '2024-09-05 19:42:00'),
(86, 'ABC123', '2024-09-25 02:45:00', '2024-09-25 07:45:00', 75.36, '2024-09-25 07:45:00', '2024-09-25 07:45:00'),
(87, 'ABC123', '2024-09-19 15:17:00', '2024-09-19 18:17:00', 20.58, '2024-09-19 18:17:00', '2024-09-19 18:17:00'),
(88, 'ABC123', '2024-09-15 23:46:00', '2024-09-16 05:46:00', 24.58, '2024-09-16 05:46:00', '2024-09-16 05:46:00'),
(89, 'ABC123', '2024-09-06 12:41:00', '2024-09-06 14:41:00', 58.33, '2024-09-06 14:41:00', '2024-09-06 14:41:00'),
(90, 'ABC123', '2024-09-07 21:14:00', '2024-09-08 05:14:00', 30.54, '2024-09-08 05:14:00', '2024-09-08 05:14:00'),
(91, 'ABC123', '2024-09-30 01:55:00', '2024-09-30 03:55:00', 34.78, '2024-09-30 03:55:00', '2024-09-30 03:55:00'),
(92, 'ABC123', '2024-09-11 00:45:00', '2024-09-11 02:45:00', 24.01, '2024-09-11 02:45:00', '2024-09-11 02:45:00'),
(93, 'DEF456', '2024-09-24 14:37:00', '2024-09-24 21:37:00', 34.78, '2024-09-24 21:37:00', '2024-09-24 21:37:00'),
(94, 'DEF456', '2024-09-24 21:07:00', '2024-09-25 04:07:00', 34.51, '2024-09-25 04:07:00', '2024-09-25 04:07:00'),
(95, 'DEF456', '2024-09-29 18:10:00', '2024-09-29 20:10:00', 45.25, '2024-09-29 20:10:00', '2024-09-29 20:10:00'),
(96, 'DEF456', '2024-09-13 16:30:00', '2024-09-14 00:30:00', 45.45, '2024-09-14 00:30:00', '2024-09-14 00:30:00'),
(97, 'DEF456', '2024-09-12 03:55:00', '2024-09-12 04:55:00', 50.78, '2024-09-12 04:55:00', '2024-09-12 04:55:00'),
(98, 'DEF456', '2024-09-24 17:50:00', '2024-09-24 22:50:00', 15.18, '2024-09-24 22:50:00', '2024-09-24 22:50:00'),
(99, 'DEF456', '2024-09-11 19:32:00', '2024-09-11 23:32:00', 69.26, '2024-09-11 23:32:00', '2024-09-11 23:32:00'),
(100, 'DEF456', '2024-09-21 19:06:00', '2024-09-21 22:06:00', 64.21, '2024-09-21 22:06:00', '2024-09-21 22:06:00'),
(101, 'DEF456', '2024-09-22 20:58:00', '2024-09-22 23:58:00', 79.17, '2024-09-22 23:58:00', '2024-09-22 23:58:00'),
(102, 'DEF456', '2024-09-06 02:13:00', '2024-09-06 03:13:00', 48.41, '2024-09-06 03:13:00', '2024-09-06 03:13:00'),
(103, 'DEF456', '2024-09-18 17:18:00', '2024-09-19 01:18:00', 46.61, '2024-09-19 01:18:00', '2024-09-19 01:18:00'),
(104, 'DEF456', '2024-09-03 20:56:00', '2024-09-03 22:56:00', 43.57, '2024-09-03 22:56:00', '2024-09-03 22:56:00'),
(105, 'JKL012', '2024-09-10 01:55:00', '2024-09-10 09:55:00', 16.85, '2024-09-10 09:55:00', '2024-09-10 09:55:00'),
(106, 'JKL012', '2024-09-02 20:05:00', '2024-09-03 03:05:00', 33.73, '2024-09-03 03:05:00', '2024-09-03 03:05:00'),
(107, 'JKL012', '2024-09-09 02:22:00', '2024-09-09 05:22:00', 76.67, '2024-09-09 05:22:00', '2024-09-09 05:22:00'),
(108, 'JKL012', '2024-09-29 23:10:00', '2024-09-30 02:10:00', 23.24, '2024-09-30 02:10:00', '2024-09-30 02:10:00'),
(109, 'JKL012', '2024-09-05 14:29:00', '2024-09-05 19:29:00', 57.96, '2024-09-05 19:29:00', '2024-09-05 19:29:00'),
(110, 'JKL012', '2024-09-16 23:19:00', '2024-09-17 06:19:00', 27.95, '2024-09-17 06:19:00', '2024-09-17 06:19:00'),
(111, 'JKL012', '2024-09-06 02:53:00', '2024-09-06 05:53:00', 30.92, '2024-09-06 05:53:00', '2024-09-06 05:53:00'),
(112, 'JKL012', '2024-09-20 01:31:00', '2024-09-20 08:31:00', 42.85, '2024-09-20 08:31:00', '2024-09-20 08:31:00'),
(113, 'JKL012', '2024-09-23 14:09:00', '2024-09-23 19:09:00', 28.84, '2024-09-23 19:09:00', '2024-09-23 19:09:00'),
(114, 'JKL012', '2024-09-10 12:44:00', '2024-09-10 16:44:00', 33.06, '2024-09-10 16:44:00', '2024-09-10 16:44:00'),
(115, 'PQR678', '2024-09-23 21:19:00', '2024-09-24 03:19:00', 32.21, '2024-09-24 03:19:00', '2024-09-24 03:19:00'),
(116, 'PQR678', '2024-09-04 22:49:00', '2024-09-05 04:49:00', 34.05, '2024-09-05 04:49:00', '2024-09-05 04:49:00'),
(117, 'PQR678', '2024-09-28 04:37:00', '2024-09-28 11:37:00', 54.61, '2024-09-28 11:37:00', '2024-09-28 11:37:00'),
(118, 'PQR678', '2024-09-27 23:48:00', '2024-09-28 00:48:00', 48.05, '2024-09-28 00:48:00', '2024-09-28 00:48:00'),
(119, 'PQR678', '2024-09-16 00:56:00', '2024-09-16 01:56:00', 53.18, '2024-09-16 01:56:00', '2024-09-16 01:56:00'),
(120, 'PQR678', '2024-09-21 01:44:00', '2024-09-21 02:44:00', 49.45, '2024-09-21 02:44:00', '2024-09-21 02:44:00'),
(121, 'PQR678', '2024-09-09 04:31:00', '2024-09-09 06:31:00', 65.51, '2024-09-09 06:31:00', '2024-09-09 06:31:00'),
(122, 'PQR678', '2024-09-30 03:35:00', '2024-09-30 08:35:00', 62.14, '2024-09-30 08:35:00', '2024-09-30 08:35:00'),
(123, 'VWX234', '2024-09-21 23:39:00', '2024-09-22 03:39:00', 56.54, '2024-09-22 03:39:00', '2024-09-22 03:39:00'),
(124, 'VWX234', '2024-09-07 19:31:00', '2024-09-08 03:31:00', 15.85, '2024-09-08 03:31:00', '2024-09-08 03:31:00'),
(125, 'VWX234', '2024-09-19 18:40:00', '2024-09-19 21:40:00', 34.61, '2024-09-19 21:40:00', '2024-09-19 21:40:00'),
(126, 'VWX234', '2024-09-10 16:29:00', '2024-09-10 18:29:00', 57.73, '2024-09-10 18:29:00', '2024-09-10 18:29:00'),
(127, 'VWX234', '2024-09-16 03:22:00', '2024-09-16 07:22:00', 77.82, '2024-09-16 07:22:00', '2024-09-16 07:22:00'),
(128, 'VWX234', '2024-09-27 01:33:00', '2024-09-27 03:33:00', 67.46, '2024-09-27 03:33:00', '2024-09-27 03:33:00'),
(129, 'VWX234', '2024-09-01 19:43:00', '2024-09-02 01:43:00', 43.44, '2024-09-02 01:43:00', '2024-09-02 01:43:00'),
(130, 'ABC123', '2024-09-02 16:54:00', '2024-09-02 17:54:00', 66.41, '2024-09-02 17:54:00', '2024-09-02 17:54:00'),
(131, 'ABC123', '2024-09-20 01:08:00', '2024-09-20 08:08:00', 29.04, '2024-09-20 08:08:00', '2024-09-20 08:08:00'),
(132, 'ABC123', '2024-09-03 23:20:00', '2024-09-04 03:20:00', 62.64, '2024-09-04 03:20:00', '2024-09-04 03:20:00'),
(133, 'ABC123', '2024-09-29 17:17:00', '2024-09-29 22:17:00', 20.03, '2024-09-29 22:17:00', '2024-09-29 22:17:00'),
(134, 'ABC123', '2024-09-03 17:50:00', '2024-09-03 18:50:00', 56.02, '2024-09-03 18:50:00', '2024-09-03 18:50:00'),
(135, 'ABC123', '2024-09-22 19:56:00', '2024-09-23 01:56:00', 60.84, '2024-09-23 01:56:00', '2024-09-23 01:56:00'),
(136, 'ABC123', '2024-09-01 22:31:00', '2024-09-02 04:31:00', 54.29, '2024-09-02 04:31:00', '2024-09-02 04:31:00'),
(137, 'ABC123', '2024-09-10 20:08:00', '2024-09-11 02:08:00', 47.17, '2024-09-11 02:08:00', '2024-09-11 02:08:00'),
(138, 'ABC123', '2024-09-14 18:58:00', '2024-09-15 02:58:00', 33.35, '2024-09-15 02:58:00', '2024-09-15 02:58:00'),
(139, 'ABC123', '2024-09-24 01:05:00', '2024-09-24 07:05:00', 68.01, '2024-09-24 07:05:00', '2024-09-24 07:05:00'),
(140, 'ABC123', '2024-09-18 03:07:00', '2024-09-18 04:07:00', 33.49, '2024-09-18 04:07:00', '2024-09-18 04:07:00'),
(141, 'ABC123', '2024-09-05 18:11:00', '2024-09-05 23:11:00', 22.45, '2024-09-05 23:11:00', '2024-09-05 23:11:00'),
(142, 'ABC123', '2024-09-16 17:44:00', '2024-09-16 23:44:00', 28.61, '2024-09-16 23:44:00', '2024-09-16 23:44:00'),
(143, 'ABC123', '2024-09-17 21:51:00', '2024-09-18 03:51:00', 24.18, '2024-09-18 03:51:00', '2024-09-18 03:51:00'),
(144, 'ABC123', '2024-09-07 14:25:00', '2024-09-07 22:25:00', 57.24, '2024-09-07 22:25:00', '2024-09-07 22:25:00'),
(145, 'DEF456', '2024-09-01 21:56:00', '2024-09-02 02:56:00', 46.53, '2024-09-02 02:56:00', '2024-09-02 02:56:00'),
(146, 'DEF456', '2024-09-22 21:04:00', '2024-09-23 03:04:00', 16.71, '2024-09-23 03:04:00', '2024-09-23 03:04:00'),
(147, 'DEF456', '2024-09-10 16:00:00', '2024-09-10 22:00:00', 29.38, '2024-09-10 22:00:00', '2024-09-10 22:00:00'),
(148, 'DEF456', '2024-09-21 13:55:00', '2024-09-21 21:55:00', 33.39, '2024-09-21 21:55:00', '2024-09-21 21:55:00'),
(149, 'DEF456', '2024-09-11 17:07:00', '2024-09-11 23:07:00', 51.15, '2024-09-11 23:07:00', '2024-09-11 23:07:00'),
(150, 'DEF456', '2024-09-30 13:20:00', '2024-09-30 21:20:00', 29.54, '2024-09-30 21:20:00', '2024-09-30 21:20:00'),
(151, 'DEF456', '2024-09-20 17:24:00', '2024-09-20 19:24:00', 69.26, '2024-09-20 19:24:00', '2024-09-20 19:24:00'),
(152, 'DEF456', '2024-09-15 18:33:00', '2024-09-16 02:33:00', 62.93, '2024-09-16 02:33:00', '2024-09-16 02:33:00'),
(153, 'DEF456', '2024-09-26 14:26:00', '2024-09-26 19:26:00', 27.26, '2024-09-26 19:26:00', '2024-09-26 19:26:00'),
(154, 'DEF456', '2024-09-06 01:19:00', '2024-09-06 03:19:00', 15.57, '2024-09-06 03:19:00', '2024-09-06 03:19:00'),
(155, 'DEF456', '2024-09-18 14:11:00', '2024-09-18 18:11:00', 41.73, '2024-09-18 18:11:00', '2024-09-18 18:11:00'),
(156, 'DEF456', '2024-09-02 16:00:00', '2024-09-02 19:00:00', 39.38, '2024-09-02 19:00:00', '2024-09-02 19:00:00'),
(157, 'JKL012', '2024-09-22 14:06:00', '2024-09-22 16:06:00', 34.41, '2024-09-22 16:06:00', '2024-09-22 16:06:00'),
(158, 'JKL012', '2024-09-09 12:51:00', '2024-09-09 20:51:00', 61.04, '2024-09-09 20:51:00', '2024-09-09 20:51:00'),
(159, 'JKL012', '2024-09-17 12:32:00', '2024-09-17 14:32:00', 24.11, '2024-09-17 14:32:00', '2024-09-17 14:32:00'),
(160, 'JKL012', '2024-09-13 16:49:00', '2024-09-13 20:49:00', 67.57, '2024-09-13 20:49:00', '2024-09-13 20:49:00'),
(161, 'JKL012', '2024-09-06 14:31:00', '2024-09-06 16:31:00', 59.96, '2024-09-06 16:31:00', '2024-09-06 16:31:00'),
(162, 'JKL012', '2024-09-12 22:34:00', '2024-09-13 04:34:00', 76.08, '2024-09-13 04:34:00', '2024-09-13 04:34:00'),
(163, 'JKL012', '2024-09-11 12:00:00', '2024-09-11 19:00:00', 33.10, '2024-09-11 19:00:00', '2024-09-11 19:00:00'),
(164, 'JKL012', '2024-09-29 17:36:00', '2024-09-29 21:36:00', 47.07, '2024-09-29 21:36:00', '2024-09-29 21:36:00'),
(165, 'JKL012', '2024-09-09 12:27:00', '2024-09-09 18:27:00', 38.75, '2024-09-09 18:27:00', '2024-09-09 18:27:00'),
(166, 'JKL012', '2024-09-05 00:45:00', '2024-09-05 01:45:00', 64.01, '2024-09-05 01:45:00', '2024-09-05 01:45:00'),
(167, 'PQR678', '2024-09-17 01:32:00', '2024-09-17 07:32:00', 74.80, '2024-09-17 07:32:00', '2024-09-17 07:32:00'),
(168, 'PQR678', '2024-09-30 21:33:00', '2024-10-01 01:33:00', 75.14, '2024-10-01 01:33:00', '2024-10-01 01:33:00'),
(169, 'PQR678', '2024-09-08 17:51:00', '2024-09-08 23:51:00', 78.28, '2024-09-08 23:51:00', '2024-09-08 23:51:00'),
(170, 'PQR678', '2024-09-03 13:18:00', '2024-09-03 20:18:00', 22.78, '2024-09-03 20:18:00', '2024-09-03 20:18:00'),
(171, 'PQR678', '2024-09-01 14:12:00', '2024-09-01 17:12:00', 67.97, '2024-09-01 17:12:00', '2024-09-01 17:12:00'),
(172, 'PQR678', '2024-09-13 01:05:00', '2024-09-13 04:05:00', 70.80, '2024-09-13 04:05:00', '2024-09-13 04:05:00'),
(173, 'PQR678', '2024-09-14 03:32:00', '2024-09-14 11:32:00', 43.00, '2024-09-14 11:32:00', '2024-09-14 11:32:00'),
(174, 'PQR678', '2024-09-09 20:48:00', '2024-09-10 03:48:00', 76.31, '2024-09-10 03:48:00', '2024-09-10 03:48:00'),
(175, 'VWX234', '2024-09-13 03:33:00', '2024-09-13 05:33:00', 64.98, '2024-09-13 05:33:00', '2024-09-13 05:33:00'),
(176, 'VWX234', '2024-09-08 16:33:00', '2024-09-08 19:33:00', 24.67, '2024-09-08 19:33:00', '2024-09-08 19:33:00'),
(177, 'VWX234', '2024-09-06 00:38:00', '2024-09-06 01:38:00', 73.08, '2024-09-06 01:38:00', '2024-09-06 01:38:00'),
(178, 'VWX234', '2024-09-06 13:38:00', '2024-09-06 14:38:00', 16.94, '2024-09-06 14:38:00', '2024-09-06 14:38:00'),
(179, 'VWX234', '2024-09-17 00:58:00', '2024-09-17 02:58:00', 43.50, '2024-09-17 02:58:00', '2024-09-17 02:58:00'),
(180, 'VWX234', '2024-09-09 03:02:00', '2024-09-09 11:02:00', 29.07, '2024-09-09 11:02:00', '2024-09-09 11:02:00'),
(181, 'VWX234', '2024-09-09 12:53:00', '2024-09-09 18:53:00', 38.99, '2024-09-09 18:53:00', '2024-09-09 18:53:00');

-- --------------------------------------------------------

--
-- Estructura de tabla para la tabla `users`
--

CREATE TABLE `users` (
  `id` bigint(20) UNSIGNED NOT NULL,
  `name` varchar(255) NOT NULL,
  `username` varchar(255) NOT NULL,
  `email` varchar(255) NOT NULL,
  `email_verified_at` timestamp NULL DEFAULT NULL,
  `password` varchar(255) NOT NULL,
  `role` varchar(255) NOT NULL DEFAULT 'user',
  `auth_code` varchar(255) DEFAULT NULL,
  `remember_token` varchar(100) DEFAULT NULL,
  `created_at` timestamp NULL DEFAULT NULL,
  `updated_at` timestamp NULL DEFAULT NULL
) ENGINE=InnoDB DEFAULT CHARSET=utf8mb4 COLLATE=utf8mb4_unicode_ci;

--
-- Volcado de datos para la tabla `users`
--

INSERT INTO `users` (`id`, `name`, `username`, `email`, `email_verified_at`, `password`, `role`, `auth_code`, `remember_token`, `created_at`, `updated_at`) VALUES
(1, 'Admin User', 'admin', 'admin@example.com', NULL, '$2y$12$dnNg2/7TSw63S7liqIdfd./GTNZwO9wnewXS4p.B91nILczSA2Ogy', 'admin', NULL, NULL, '2025-10-07 00:16:46', '2025-10-07 00:16:46'),
(2, 'Gestor User', 'gestor', 'gestor@example.com', NULL, '$2y$12$RsWFo6skFUqS2ji2DiTtZeyg6cLNGUYc4BNG3cr1bhbeE16QlqaOe', 'gestor', NULL, NULL, '2025-10-07 00:16:46', '2025-10-07 00:16:46'),
(3, 'Normal User', 'user', 'user@example.com', NULL, '$2y$12$QE5.S7LuyFiafxe21.vZDe2uXafdTsx3dSHZuAPZNtP04O6amS6UO', 'user', NULL, NULL, '2025-10-07 00:16:46', '2025-10-07 00:16:46'),
(4, 'Trabajador Uno', 'trabajador1', 'trabajador1@example.com', NULL, '$2y$12$o/aFXdiUU9ozU8IQhV7U1uRBnsskQaRLHfOnCMRJYfpdaJF596RR2', 'gestor', NULL, NULL, '2025-10-07 00:16:47', '2025-10-07 00:16:47'),
(5, 'Trabajador Dos', 'trabajador2', 'trabajador2@example.com', NULL, '$2y$12$1xfbY9zfsQCgqyLBWQYXUOEMKaVnd6FBnYi3yjDyJSfnd8TdyMoRO', 'gestor', NULL, NULL, '2025-10-07 00:16:47', '2025-10-07 00:16:47'),
(6, 'Cliente Frecuente', 'cliente1', 'cliente1@example.com', NULL, '$2y$12$LNLk1sh1Ao/AVY4G.Z9UneMIccUMCFHi3k4PDXM4kV7j5rk8WqSP2', 'user', NULL, NULL, '2025-10-07 00:16:47', '2025-10-07 00:16:47'),
(7, 'Cliente Nuevo', 'cliente2', 'cliente2@example.com', NULL, '$2y$12$RY1F9vm6tGoEcId/bG3dc.JCUoi9lwVdiWuEhlX9Wbp4n5cpgIFAu', 'user', NULL, NULL, '2025-10-07 00:16:47', '2025-10-07 00:16:47');

-- --------------------------------------------------------

--
-- Estructura de tabla para la tabla `user_packages`
--

CREATE TABLE `user_packages` (
  `id` bigint(20) UNSIGNED NOT NULL,
  `user_id` bigint(20) UNSIGNED NOT NULL,
  `package_id` bigint(20) UNSIGNED NOT NULL,
  `start_date` date NOT NULL,
  `end_date` date NOT NULL,
  `assigned_spot` varchar(255) DEFAULT NULL,
  `reservations_used_today` int(11) NOT NULL DEFAULT 0,
  `last_reservation_date` date DEFAULT NULL,
  `active` tinyint(1) NOT NULL DEFAULT 1,
  `created_at` timestamp NULL DEFAULT NULL,
  `updated_at` timestamp NULL DEFAULT NULL
) ENGINE=InnoDB DEFAULT CHARSET=utf8mb4 COLLATE=utf8mb4_unicode_ci;

--
-- Volcado de datos para la tabla `user_packages`
--

INSERT INTO `user_packages` (`id`, `user_id`, `package_id`, `start_date`, `end_date`, `assigned_spot`, `reservations_used_today`, `last_reservation_date`, `active`, `created_at`, `updated_at`) VALUES
(1, 6, 1, '2025-09-26', '2025-10-26', NULL, 2, NULL, 1, '2025-10-07 00:43:12', '2025-10-07 00:43:12'),
(2, 7, 2, '2025-10-01', '2025-10-31', NULL, 3, NULL, 1, '2025-10-07 00:43:12', '2025-10-07 00:43:12');

-- --------------------------------------------------------

--
-- Estructura de tabla para la tabla `vehiculos`
--

CREATE TABLE `vehiculos` (
  `id` bigint(20) UNSIGNED NOT NULL,
  `tipo` enum('automovil','motocicleta','otros') NOT NULL,
  `marca` varchar(255) NOT NULL,
  `modelo` varchar(255) NOT NULL,
  `placas` varchar(255) NOT NULL,
  `color` varchar(255) NOT NULL,
  `nombre_cliente` varchar(255) DEFAULT NULL,
  `pertenencias` text DEFAULT NULL,
  `telefono` varchar(255) DEFAULT NULL,
  `hora_entrada` timestamp NOT NULL DEFAULT current_timestamp(),
  `hora_salida` timestamp NULL DEFAULT NULL,
  `espacio_id` bigint(20) UNSIGNED NOT NULL,
  `created_at` timestamp NULL DEFAULT NULL,
  `updated_at` timestamp NULL DEFAULT NULL
) ENGINE=InnoDB DEFAULT CHARSET=utf8mb4 COLLATE=utf8mb4_unicode_ci;

--
-- Volcado de datos para la tabla `vehiculos`
--

INSERT INTO `vehiculos` (`id`, `tipo`, `marca`, `modelo`, `placas`, `color`, `nombre_cliente`, `pertenencias`, `telefono`, `hora_entrada`, `hora_salida`, `espacio_id`, `created_at`, `updated_at`) VALUES
(1, 'automovil', 'Toyota', 'Corolla', 'ABC123', 'Rojo', NULL, NULL, NULL, '2025-10-06 21:16:47', NULL, 21, '2025-10-07 00:16:47', '2025-10-07 00:16:47'),
(2, 'automovil', 'Honda', 'Civic', 'DEF456', 'Azul', NULL, NULL, NULL, '2025-10-06 22:16:47', NULL, 22, '2025-10-07 00:16:47', '2025-10-07 00:16:47'),
(3, 'automovil', 'Ford', 'Focus', 'GHI789', 'Negro', NULL, NULL, NULL, '2025-10-06 23:16:47', NULL, 23, '2025-10-07 00:16:47', '2025-10-07 00:16:47'),
(4, 'automovil', 'Chevrolet', 'Cruze', 'JKL012', 'Blanco', NULL, NULL, NULL, '2025-10-06 20:16:47', NULL, 24, '2025-10-07 00:16:47', '2025-10-07 00:16:47'),
(5, 'automovil', 'Nissan', 'Sentra', 'MNO345', 'Gris', NULL, NULL, NULL, '2025-10-06 19:16:47', NULL, 25, '2025-10-07 00:16:47', '2025-10-07 00:16:47'),
(6, 'automovil', 'BMW', 'Serie 3', 'PQR678', 'Azul Marino', NULL, NULL, NULL, '2025-10-06 18:16:47', NULL, 26, '2025-10-07 00:16:47', '2025-10-07 00:16:47'),
(7, 'automovil', 'Mercedes', 'Clase C', 'STU901', 'Plateado', NULL, NULL, NULL, '2025-10-06 17:16:47', NULL, 27, '2025-10-07 00:16:47', '2025-10-07 00:16:47'),
(8, 'automovil', 'Audi', 'A4', 'VWX234', 'Rojo Oscuro', NULL, NULL, NULL, '2025-10-06 16:16:47', NULL, 28, '2025-10-07 00:16:47', '2025-10-07 00:16:47'),
(9, 'motocicleta', 'Yamaha', 'MT-07', 'YZA567', 'Negro', NULL, NULL, NULL, '2025-10-06 22:16:47', NULL, 29, '2025-10-07 00:16:47', '2025-10-07 00:16:47'),
(10, 'automovil', 'Kia', 'Rio', 'BCD890', 'Verde', NULL, NULL, NULL, '2025-10-06 21:16:47', NULL, 30, '2025-10-07 00:16:47', '2025-10-07 00:16:47');

-- --------------------------------------------------------

--
-- Estructura de tabla para la tabla `vehiculos_perfiles`
--

CREATE TABLE `vehiculos_perfiles` (
  `id` bigint(20) UNSIGNED NOT NULL,
  `placas` varchar(255) NOT NULL,
  `marca` varchar(255) NOT NULL,
  `modelo` varchar(255) NOT NULL,
  `color` varchar(255) NOT NULL,
  `nombre_cliente` varchar(255) DEFAULT NULL,
  `telefono` varchar(255) DEFAULT NULL,
  `user_id` bigint(20) UNSIGNED DEFAULT NULL,
  `cajon_favorito` varchar(255) DEFAULT NULL,
  `horario_preferido` varchar(255) DEFAULT NULL
) ENGINE=InnoDB DEFAULT CHARSET=utf8mb4 COLLATE=utf8mb4_unicode_ci;

--
-- Volcado de datos para la tabla `vehiculos_perfiles`
--

INSERT INTO `vehiculos_perfiles` (`id`, `placas`, `marca`, `modelo`, `color`, `nombre_cliente`, `telefono`, `user_id`, `cajon_favorito`, `horario_preferido`) VALUES
(1, 'ABC123', 'Toyota', 'Corolla', 'Rojo', 'Juan Pérez', '555-1234', 6, 'A01', '08:00-12:00'),
(2, 'DEF456', 'Honda', 'Civic', 'Azul', 'María García', '555-5678', 6, 'A02', '14:00-18:00'),
(3, 'GHI789', 'Ford', 'Focus', 'Negro', 'Carlos López', '555-9012', 7, 'A03', '09:00-13:00'),
(4, 'JKL012', 'Chevrolet', 'Cruze', 'Blanco', 'Ana Rodríguez', '555-3456', 6, 'A04', '16:00-20:00'),
(5, 'MNO345', 'Nissan', 'Sentra', 'Gris', 'Pedro Martínez', '555-7890', 7, 'A05', '10:00-14:00'),
(6, 'PQR678', 'BMW', 'Serie 3', 'Azul Marino', 'Laura Sánchez', '555-1234', 6, 'A06', '07:00-11:00'),
(7, 'STU901', 'Mercedes', 'Clase C', 'Plateado', 'Roberto Díaz', '555-5678', 7, 'A07', '12:00-16:00'),
(8, 'VWX234', 'Audi', 'A4', 'Rojo Oscuro', 'Carmen Torres', '555-9012', 6, 'A08', '15:00-19:00');

--
-- Índices para tablas volcadas
--

--
-- Indices de la tabla `cache`
--
ALTER TABLE `cache`
  ADD PRIMARY KEY (`key`);

--
-- Indices de la tabla `cache_locks`
--
ALTER TABLE `cache_locks`
  ADD PRIMARY KEY (`key`);

--
-- Indices de la tabla `espacios`
--
ALTER TABLE `espacios`
  ADD PRIMARY KEY (`id`),
  ADD UNIQUE KEY `espacios_codigo_unique` (`codigo`);

--
-- Indices de la tabla `failed_jobs`
--
ALTER TABLE `failed_jobs`
  ADD PRIMARY KEY (`id`),
  ADD UNIQUE KEY `failed_jobs_uuid_unique` (`uuid`);

--
-- Indices de la tabla `jobs`
--
ALTER TABLE `jobs`
  ADD PRIMARY KEY (`id`),
  ADD KEY `jobs_queue_index` (`queue`);

--
-- Indices de la tabla `job_batches`
--
ALTER TABLE `job_batches`
  ADD PRIMARY KEY (`id`);

--
-- Indices de la tabla `migrations`
--
ALTER TABLE `migrations`
  ADD PRIMARY KEY (`id`);

--
-- Indices de la tabla `occupancy_logs`
--
ALTER TABLE `occupancy_logs`
  ADD PRIMARY KEY (`id`),
  ADD KEY `occupancy_logs_espacio_id_foreign` (`espacio_id`),
  ADD KEY `occupancy_logs_vehiculo_id_foreign` (`vehiculo_id`);

--
-- Indices de la tabla `packages`
--
ALTER TABLE `packages`
  ADD PRIMARY KEY (`id`);

--
-- Indices de la tabla `password_reset_tokens`
--
ALTER TABLE `password_reset_tokens`
  ADD PRIMARY KEY (`email`);

--
-- Indices de la tabla `personal_access_tokens`
--
ALTER TABLE `personal_access_tokens`
  ADD PRIMARY KEY (`id`),
  ADD UNIQUE KEY `personal_access_tokens_token_unique` (`token`),
  ADD KEY `personal_access_tokens_tokenable_type_tokenable_id_index` (`tokenable_type`,`tokenable_id`);

--
-- Indices de la tabla `reservations`
--
ALTER TABLE `reservations`
  ADD PRIMARY KEY (`id`),
  ADD KEY `reservations_user_id_foreign` (`user_id`),
  ADD KEY `reservations_espacio_id_foreign` (`espacio_id`);

--
-- Indices de la tabla `sessions`
--
ALTER TABLE `sessions`
  ADD PRIMARY KEY (`id`),
  ADD KEY `sessions_user_id_index` (`user_id`),
  ADD KEY `sessions_last_activity_index` (`last_activity`);

--
-- Indices de la tabla `spot_holds`
--
ALTER TABLE `spot_holds`
  ADD PRIMARY KEY (`id`),
  ADD KEY `spot_holds_espacio_id_foreign` (`espacio_id`),
  ADD KEY `spot_holds_held_by_foreign` (`held_by`);

--
-- Indices de la tabla `transacciones`
--
ALTER TABLE `transacciones`
  ADD PRIMARY KEY (`id`);

--
-- Indices de la tabla `users`
--
ALTER TABLE `users`
  ADD PRIMARY KEY (`id`),
  ADD UNIQUE KEY `users_username_unique` (`username`),
  ADD UNIQUE KEY `users_email_unique` (`email`);

--
-- Indices de la tabla `user_packages`
--
ALTER TABLE `user_packages`
  ADD PRIMARY KEY (`id`),
  ADD KEY `user_packages_user_id_foreign` (`user_id`),
  ADD KEY `user_packages_package_id_foreign` (`package_id`);

--
-- Indices de la tabla `vehiculos`
--
ALTER TABLE `vehiculos`
  ADD PRIMARY KEY (`id`),
  ADD KEY `vehiculos_espacio_id_foreign` (`espacio_id`);

--
-- Indices de la tabla `vehiculos_perfiles`
--
ALTER TABLE `vehiculos_perfiles`
  ADD PRIMARY KEY (`id`),
  ADD UNIQUE KEY `vehiculos_perfiles_placas_unique` (`placas`),
  ADD KEY `vehiculos_perfiles_user_id_foreign` (`user_id`);

--
-- AUTO_INCREMENT de las tablas volcadas
--

--
-- AUTO_INCREMENT de la tabla `espacios`
--
ALTER TABLE `espacios`
  MODIFY `id` bigint(20) UNSIGNED NOT NULL AUTO_INCREMENT, AUTO_INCREMENT=31;

--
-- AUTO_INCREMENT de la tabla `failed_jobs`
--
ALTER TABLE `failed_jobs`
  MODIFY `id` bigint(20) UNSIGNED NOT NULL AUTO_INCREMENT;

--
-- AUTO_INCREMENT de la tabla `jobs`
--
ALTER TABLE `jobs`
  MODIFY `id` bigint(20) UNSIGNED NOT NULL AUTO_INCREMENT;

--
-- AUTO_INCREMENT de la tabla `migrations`
--
ALTER TABLE `migrations`
  MODIFY `id` int(10) UNSIGNED NOT NULL AUTO_INCREMENT, AUTO_INCREMENT=15;

--
-- AUTO_INCREMENT de la tabla `occupancy_logs`
--
ALTER TABLE `occupancy_logs`
  MODIFY `id` bigint(20) UNSIGNED NOT NULL AUTO_INCREMENT, AUTO_INCREMENT=651;

--
-- AUTO_INCREMENT de la tabla `packages`
--
ALTER TABLE `packages`
  MODIFY `id` bigint(20) UNSIGNED NOT NULL AUTO_INCREMENT, AUTO_INCREMENT=10;

--
-- AUTO_INCREMENT de la tabla `personal_access_tokens`
--
ALTER TABLE `personal_access_tokens`
  MODIFY `id` bigint(20) UNSIGNED NOT NULL AUTO_INCREMENT, AUTO_INCREMENT=16;

--
-- AUTO_INCREMENT de la tabla `reservations`
--
ALTER TABLE `reservations`
  MODIFY `id` bigint(20) UNSIGNED NOT NULL AUTO_INCREMENT, AUTO_INCREMENT=11;

--
-- AUTO_INCREMENT de la tabla `spot_holds`
--
ALTER TABLE `spot_holds`
  MODIFY `id` bigint(20) UNSIGNED NOT NULL AUTO_INCREMENT;

--
-- AUTO_INCREMENT de la tabla `transacciones`
--
ALTER TABLE `transacciones`
  MODIFY `id` bigint(20) UNSIGNED NOT NULL AUTO_INCREMENT, AUTO_INCREMENT=182;

--
-- AUTO_INCREMENT de la tabla `users`
--
ALTER TABLE `users`
  MODIFY `id` bigint(20) UNSIGNED NOT NULL AUTO_INCREMENT, AUTO_INCREMENT=8;

--
-- AUTO_INCREMENT de la tabla `user_packages`
--
ALTER TABLE `user_packages`
  MODIFY `id` bigint(20) UNSIGNED NOT NULL AUTO_INCREMENT, AUTO_INCREMENT=3;

--
-- AUTO_INCREMENT de la tabla `vehiculos`
--
ALTER TABLE `vehiculos`
  MODIFY `id` bigint(20) UNSIGNED NOT NULL AUTO_INCREMENT, AUTO_INCREMENT=11;

--
-- AUTO_INCREMENT de la tabla `vehiculos_perfiles`
--
ALTER TABLE `vehiculos_perfiles`
  MODIFY `id` bigint(20) UNSIGNED NOT NULL AUTO_INCREMENT, AUTO_INCREMENT=9;

--
-- Restricciones para tablas volcadas
--

--
-- Filtros para la tabla `occupancy_logs`
--
ALTER TABLE `occupancy_logs`
  ADD CONSTRAINT `occupancy_logs_espacio_id_foreign` FOREIGN KEY (`espacio_id`) REFERENCES `espacios` (`id`) ON DELETE CASCADE,
  ADD CONSTRAINT `occupancy_logs_vehiculo_id_foreign` FOREIGN KEY (`vehiculo_id`) REFERENCES `vehiculos` (`id`) ON DELETE SET NULL;

--
-- Filtros para la tabla `reservations`
--
ALTER TABLE `reservations`
  ADD CONSTRAINT `reservations_espacio_id_foreign` FOREIGN KEY (`espacio_id`) REFERENCES `espacios` (`id`) ON DELETE CASCADE,
  ADD CONSTRAINT `reservations_user_id_foreign` FOREIGN KEY (`user_id`) REFERENCES `users` (`id`) ON DELETE CASCADE;

--
-- Filtros para la tabla `spot_holds`
--
ALTER TABLE `spot_holds`
  ADD CONSTRAINT `spot_holds_espacio_id_foreign` FOREIGN KEY (`espacio_id`) REFERENCES `espacios` (`id`) ON DELETE CASCADE,
  ADD CONSTRAINT `spot_holds_held_by_foreign` FOREIGN KEY (`held_by`) REFERENCES `users` (`id`) ON DELETE CASCADE;

--
-- Filtros para la tabla `user_packages`
--
ALTER TABLE `user_packages`
  ADD CONSTRAINT `user_packages_package_id_foreign` FOREIGN KEY (`package_id`) REFERENCES `packages` (`id`) ON DELETE CASCADE,
  ADD CONSTRAINT `user_packages_user_id_foreign` FOREIGN KEY (`user_id`) REFERENCES `users` (`id`) ON DELETE CASCADE;

--
-- Filtros para la tabla `vehiculos`
--
ALTER TABLE `vehiculos`
  ADD CONSTRAINT `vehiculos_espacio_id_foreign` FOREIGN KEY (`espacio_id`) REFERENCES `espacios` (`id`);

--
-- Filtros para la tabla `vehiculos_perfiles`
--
ALTER TABLE `vehiculos_perfiles`
  ADD CONSTRAINT `vehiculos_perfiles_user_id_foreign` FOREIGN KEY (`user_id`) REFERENCES `users` (`id`) ON DELETE SET NULL;
COMMIT;

/*!40101 SET CHARACTER_SET_CLIENT=@OLD_CHARACTER_SET_CLIENT */;
/*!40101 SET CHARACTER_SET_RESULTS=@OLD_CHARACTER_SET_RESULTS */;
/*!40101 SET COLLATION_CONNECTION=@OLD_COLLATION_CONNECTION */;
